"tier","id","designation","messier","name_en","name_ja","type","vMag","majorAxisArcmin","con"
"1","NGC3918","NGC 3918","","Blue Planetary","","PN","8.1","0.32","Cen"
"1","NGC3132","NGC 3132","","Eight-Burst Nebula","南のリング星雲","PN","9.2","0.5","Vel"
"1","NGC1555","NGC 1555","","Hind's Nebula","","RN","9.28","1.82","Tau"
"1","NGC6818","NGC 6818","","Little Gem Nebula","","PN","9.3","0.77","Sgr"
"1","NGC4568","NGC 4568","","Butterfly Galaxies","","G","10.8","4.31","Vir"
"1","NGC4651","NGC 4651","","Umbrella Galaxy","","G","10.82","3.87","Com"
"1","NGC1317","NGC 1317","","Fornax B","","G","10.88","3.1","For"
"1","NGC4438","NGC 4438","","Eyes","","G","10.92","9.16","Vir"
"1","NGC4435","NGC 4435","","Eyes","","G","10.96","3.03","Vir"
"1","NGC6905","NGC 6905","","Blue Flash Nebula","","PN","11.1","0.67","Del"
"1","NGC6445","NGC 6445","","Little Gem","","PN","11.2","0.55","Sgr"
"1","NGC4567","NGC 4567","","Butterfly Galaxies","","G","11.32","2.74","Vir"
"1","NGC2685","NGC 2685","","Helix Galaxy","","G","11.35","4.33","UMa"
"1","NGC6309","NGC 6309","","Box Nebula","","PN","11.5","0.26","Oph"
"1","NGC6741","NGC 6741","","Phantom Streak Nebula","","PN","11.5","0.13","Aql"
"1","NGC6537","NGC 6537","","Red Spider Nebula","","PN","11.6","0.17","Sgr"
"1","NGC2537","NGC 2537","","Bear Claw Nebula","","G","11.71","2.07","Lyn"
"1","NGC2261","NGC 2261","","Hubble's Nebula","","RN","11.85","2","Mon"
"1","NGC1049","NGC 1049","","Fornax Dwarf Cluster 3","","GC","12.89","1.2","For"
"2","NGC1788","NGC 1788","","","","RN","5.1","2","Ori"
"2","NGC6164","NGC 6164","","","","EN","6.71","1.41","Nor"
"2","NGC6165","NGC 6165","","","","EN","6.71","2.5","Nor"
"2","NGC2074","NGC 2074","","","","CN","7.8","4","Dor"
"2","NGC2247","NGC 2247","","","","RN","7.8","2","Mon"
"2","NGC6572","NGC 6572","","","","PN","8.1","0.18","Oph"
"2","NGC2182","NGC 2182","","","","RN","8.3","3","Mon"
"2","NGC7027","NGC 7027","","","","PN","8.5","0.23","Cyg"
"2","NGC1999","NGC 1999","","","","RN","8.8","2","Ori"
"2","NGC1955","NGC 1955","","","","EN","8.87","4","Dor"
"2","NGC6590","NGC 6590","","","","RN","9.1","4","Sgr"
"2","IC0127","IC 127","","","","G","9.2","1.69","Cet"
"2","NGC2282","NGC 2282","","","","EN","9.3","3","Mon"
"2","NGC4699","NGC 4699","","","","G","9.53","3.99","Vir"
"2","NGC2060","NGC 2060","","","","SNR","9.59","2.2","Dor"
"2","NGC1535","NGC 1535","","","","PN","9.6","0.85","Eri"
"2","NGC1910","NGC 1910","","","","CN","9.65","3.6","Dor"
"2","NGC6210","NGC 6210","","","","PN","9.65","0.5","Her"
"2","NGC2867","NGC 2867","","","","PN","9.7","0.23","Car"
"2","NGC4494","NGC 4494","","","","G","9.8","4.35","Com"
"2","NGC5315","NGC 5315","","","","PN","9.8","0.1","Cir"
"2","NGC6589","NGC 6589","","","","EN","9.8","4","Sgr"
"2","NGC1858","NGC 1858","","","","CN","9.88","4.4","Dor"
"2","NGC5248","NGC 5248","","","","G","9.97","4.07","Boo"
"2","NGC7507","NGC 7507","","","","G","10.04","3.33","Scl"
"2","NGC1871","NGC 1871","","","","CN","10.09","2.3","Dor"
"2","NGC4473","NGC 4473","","","","G","10.09","4.27","Com"
"2","NGC0720","NGC 720","","","","G","10.14","4.49","Cet"
"2","NGC1543","NGC 1543","","","","G","10.17","3.66","Ret"
"2","NGC5846","NGC 5846","","","","G","10.18","4.27","Vir"
"2","NGC5882","NGC 5882","","","","PN","10.18","0.23","Lup"
"2","IC4406","IC 4406","","","","PN","10.2","0.58","Lup"
"2","NGC4414","NGC 4414","","","","G","10.2","1.95","Com"
"2","NGC4278","NGC 4278","","","","G","10.21","2.89","Com"
"2","NGC5363","NGC 5363","","","","G","10.21","4.17","Vir"
"2","NGC0936","NGC 936","","","","G","10.23","4.44","Cet"
"2","NGC3489","NGC 3489","","","","G","10.23","3.44","Leo"
"2","IC0356","IC 356","","","","G","10.24","4.02","Cam"
"2","NGC1574","NGC 1574","","","","G","10.24","4.13","Ret"
"2","NGC2775","NGC 2775","","","","G","10.24","4.25","Cnc"
"2","NGC4459","NGC 4459","","","","G","10.25","4.17","Com"
"2","NGC3377","NGC 3377","","","","G","10.27","3.87","Leo"
"2","NGC4395","NGC 4395","","","","G","10.29","4.17","CVn"
"2","IC2553","IC 2553","","","","PN","10.3","0.15","Car"
"2","NGC2245","NGC 2245","","","","RN","10.3","2","Mon"
"2","NGC4696","NGC 4696","","","","G","10.3","3.85","Cen"
"2","NGC4477","NGC 4477","","","","G","10.31","3.7","Com"
"2","NGC5061","NGC 5061","","","","G","10.31","3.75","Hya"
"2","NGC0524","NGC 524","","","","G","10.35","3.37","Psc"
"2","NGC0584","NGC 584","","","","G","10.35","3.78","Cet"
"2","NGC3938","NGC 3938","","","","G","10.36","3.55","UMa"
"2","NGC3941","NGC 3941","","","","G","10.37","3.51","UMa"
"2","NGC2655","NGC 2655","","","","G","10.39","3.93","Cam"
"2","IC2448","IC 2448","","","","PN","10.4","0.15","Car"
"2","IC2501","IC 2501","","","","PN","10.4","0.03","Car"
"2","NGC3640","NGC 3640","","","","G","10.41","4.33","Leo"
"2","NGC2080","NGC 2080","","","","EN","10.42","1.7","Dor"
"2","NGC3557","NGC 3557","","","","G","10.42","4.36","Cen"
"2","NGC3631","NGC 3631","","","","G","10.42","3.72","UMa"
"2","NGC4274","NGC 4274","","","","G","10.42","3.63","Com"
"2","NGC1873","NGC 1873","","","","CN","10.44","2.8","Dor"
"2","NGC1326","NGC 1326","","","","G","10.45","4.28","For"
"2","NGC4596","NGC 4596","","","","G","10.46","3.93","Vir"
"2","NGC1947","NGC 1947","","","","G","10.47","3.48","Dor"
"2","NGC4754","NGC 4754","","","","G","10.48","4.16","Vir"
"2","NGC5206","NGC 5206","","","","G","10.49","4.26","Cen"
"2","IC2165","IC 2165","","","","PN","10.5","0.15","CMa"
"2","IC4997","IC 4997","","","","PN","10.5","0.03","Sge"
"2","NGC1934","NGC 1934","","","","CN","10.5","1.9","Dor"
"2","NGC4527","NGC 4527","","","","G","10.5","6.3","Vir"
"2","NGC4664","NGC 4664","","","","G","10.5","4.52","Vir"
"2","NGC6684","NGC 6684","","","","G","10.5","4.19","Pav"
"2","NGC6790","NGC 6790","","","","PN","10.5","0.12","Aql"
"2","NGC6891","NGC 6891","","","","PN","10.5","0.25","Del"
"2","IC4296","IC 4296","","","","G","10.51","4.62","Cen"
"2","NGC2985","NGC 2985","","","","G","10.51","3.61","UMa"
"2","NGC4030","NGC 4030","","","","G","10.51","3.78","Vir"
"2","NGC5566","NGC 5566","","","","G","10.51","5.36","Vir"
"2","NGC1300","NGC 1300","","","","G","10.52","5.96","Eri"
"2","NGC5364","NGC 5364","","","","G","10.52","3.8","Vir"
"2","NGC3412","NGC 3412","","","","G","10.53","3.96","Leo"
"2","NGC5813","NGC 5813","","","","G","10.53","4.13","Vir"
"2","IC1459","IC 1459","","","","G","10.54","4.61","Gru"
"2","NGC3109","NGC 3109","","","","G","10.54","16","Hya"
"2","NGC6221","NGC 6221","","","","G","10.54","4.84","Ara"
"2","NGC0404","NGC 404","","","","G","10.55","3.4","And"
"2","NGC3359","NGC 3359","","","","G","10.55","4.07","UMa"
"2","NGC5746","NGC 5746","","","","G","10.55","7.24","Vir"
"2","NGC7049","NGC 7049","","","","G","10.55","3.94","Ind"
"2","NGC2217","NGC 2217","","","","G","10.57","4.63","CMa"
"2","NGC3486","NGC 3486","","","","G","10.57","5.82","LMi"
"2","NGC4096","NGC 4096","","","","G","10.57","5.65","UMa"
"2","NGC4314","NGC 4314","","","","G","10.57","3.7","Com"
"2","NGC4457","NGC 4457","","","","G","10.57","2.79","Vir"
"2","NGC4546","NGC 4546","","","","G","10.57","3.16","Vir"
"2","NGC2663","NGC 2663","","","","G","10.59","3.9","Pyx"
"2","NGC4958","NGC 4958","","","","G","10.59","4.79","Vir"
"2","NGC6868","NGC 6868","","","","G","10.59","3.58","Tel"
"2","IC3568","IC 3568","","","","PN","10.6","0.38","Cam"
"2","IC4191","IC 4191","","","","PN","10.6","0.08","Mus"
"2","NGC1055","NGC 1055","","","","G","10.6","6.92","Cet"
"2","NGC1084","NGC 1084","","","","G","10.6","3.4","Eri"
"2","NGC1559","NGC 1559","","","","G","10.6","4.19","Ret"
"2","NGC4088","NGC 4088","","","","G","10.6","7.01","UMa"
"2","NGC4442","NGC 4442","","","","G","10.6","4.32","Vir"
"2","NGC1948","NGC 1948","","","","CN","10.61","7","Dor"
"2","NGC3166","NGC 3166","","","","G","10.62","4.5","Sex"
"2","NGC4105","NGC 4105","","","","G","10.62","4.33","Hya"
"2","NGC4856","NGC 4856","","","","G","10.62","4.25","Vir"
"2","NGC1302","NGC 1302","","","","G","10.63","4.27","For"
"2","NGC2442","NGC 2442","","","","G","10.63","4.68","Vol"
"2","NGC3608","NGC 3608","","","","G","10.63","3.18","Leo"
"2","NGC3893","NGC 3893","","","","G","10.63","2.69","UMa"
"2","NGC6384","NGC 6384","","","","G","10.63","2.45","Oph"
"2","NGC2835","NGC 2835","","","","G","10.64","6.43","Hya"
"2","NGC2986","NGC 2986","","","","G","10.64","4.81","Hya"
"2","NGC5078","NGC 5078","","","","G","10.64","2.56","Hya"
"2","NGC7727","NGC 7727","","","","G","10.64","3.61","Aqr"
"2","NGC1533","NGC 1533","","","","G","10.65","3.27","Dor"
"2","NGC3962","NGC 3962","","","","G","10.65","4.17","Crt"
"2","NGC4643","NGC 4643","","","","G","10.65","2.24","Vir"
"2","NGC4698","NGC 4698","","","","G","10.65","3.81","Vir"
"2","NGC1367","NGC 1367","","","","G","10.66","4.88","For"
"2","NGC3136","NGC 3136","","","","G","10.67","4.2","Car"
"2","IC5152","IC 5152","","","","G","10.68","5.13","Ind"
"2","NGC2336","NGC 2336","","","","G","10.68","5.01","Cam"
"2","NGC2146","NGC 2146","","","","G","10.69","5.31","Cam"
"2","IC0143","IC 143","","","","EN","10.7","0.3","Tri"
"2","IC1297","IC 1297","","","","PN","10.7","0.12","CrA"
"2","IC4593","IC 4593","","","","PN","10.7","0.66","Her"
"2","NGC1425","NGC 1425","","","","G","10.7","4.91","For"
"2","NGC3211","NGC 3211","","","","PN","10.7","0.27","Car"
"2","NGC3718","NGC 3718","","","","G","10.7","4.7","UMa"
"2","NGC6644","NGC 6644","","","","PN","10.7","0.04","Sgr"
"2","NGC6857","NGC 6857","","","","EN","10.7","0.63","Cyg"
"2","NGC7008","NGC 7008","","","","PN","10.7","1.43","Cyg"
"2","NGC4710","NGC 4710","","","","G","10.71","4.39","Com"
"2","NGC4936","NGC 4936","","","","G","10.71","2.85","Cen"
"2","NGC5005","NGC 5005","","","","G","10.71","4.82","CVn"
"2","NGC1537","NGC 1537","","","","G","10.72","4.35","Eri"
"2","NGC3898","NGC 3898","","","","G","10.72","3.47","UMa"
"2","NGC4589","NGC 4589","","","","G","10.74","2.93","Dra"
"2","NGC1387","NGC 1387","","","","G","10.75","3.01","For"
"2","NGC3245","NGC 3245","","","","G","10.75","3.61","LMi"
"2","NGC3810","NGC 3810","","","","G","10.75","3.35","Leo"
"2","NGC3945","NGC 3945","","","","G","10.75","5.55","UMa"
"2","NGC4666","NGC 4666","","","","G","10.75","4.97","Vir"
"2","NGC0821","NGC 821","","","","G","10.77","2.45","Ari"
"2","NGC3610","NGC 3610","","","","G","10.77","2.39","UMa"
"2","NGC4251","NGC 4251","","","","G","10.77","2.34","Com"
"2","NGC5266","NGC 5266","","","","G","10.77","2.92","Cen"
"2","NGC5419","NGC 5419","","","","G","10.77","3.98","Cen"
"2","IC2149","IC 2149","","","","PN","10.78","0.14","Aur"
"2","NGC4026","NGC 4026","","","","G","10.78","4.41","UMa"
"2","NGC4618","NGC 4618","","","","G","10.78","3.56","CVn"
"2","NGC5044","NGC 5044","","","","G","10.78","3.66","Vir"
"2","NGC3904","NGC 3904","","","","G","10.79","3.47","Hya"
"2","NGC5054","NGC 5054","","","","G","10.79","5.04","Vir"
"2","IC1470","IC 1470","","","","EN","10.8","1.8","Cep"
"2","IC4776","IC 4776","","","","PN","10.8","0.12","Sgr"
"2","NGC1527","NGC 1527","","","","G","10.8","4.58","Hor"
"2","NGC2438","NGC 2438","","","","PN","10.8","1.07","Pup"
"2","NGC1201","NGC 1201","","","","G","10.81","3.41","For"
"2","NGC2566","NGC 2566","","","","G","10.81","3.98","Pup"
"2","NGC3613","NGC 3613","","","","G","10.81","3.55","UMa"
"2","NGC4111","NGC 4111","","","","G","10.81","1.78","CVn"
"2","NGC5838","NGC 5838","","","","G","10.81","3.86","Vir"
"2","NGC2103","NGC 2103","","","","EN","10.82","4","Men"
"2","NGC2083","NGC 2083","","","","EN","10.83","2","Dor"
"2","NGC3665","NGC 3665","","","","G","10.83","4.06","UMa"
"2","NGC4371","NGC 4371","","","","G","10.83","3.88","Vir"
"2","NGC6876","NGC 6876","","","","G","10.83","3.46","Pav"
"2","NGC4036","NGC 4036","","","","G","10.84","4.85","UMa"
"2","NGC7689","NGC 7689","","","","G","10.84","3.1","Phe"
"2","NGC0278","NGC 278","","","","G","10.85","2.36","Cas"
"2","NGC1637","NGC 1637","","","","G","10.85","3.18","Eri"
"2","NGC5018","NGC 5018","","","","G","10.85","3.49","Vir"
"2","NGC2681","NGC 2681","","","","G","10.86","3.97","UMa"
"2","NGC4350","NGC 4350","","","","G","10.87","2.8","Com"
"2","NGC4450","NGC 4450","","","","G","10.87","5.46","Com"
"2","NGC7090","NGC 7090","","","","G","10.87","8.15","Ind"
"2","NGC1427","NGC 1427","","","","G","10.88","4.33","For"
"2","NGC3338","NGC 3338","","","","G","10.88","1.23","Leo"
"2","NGC2018","NGC 2018","","","","EN","10.89","2.8","Men"
"2","NGC2078","NGC 2078","","","","EN","10.89","1.2","Dor"
"2","NGC2974","NGC 2974","","","","G","10.89","3.48","Sex"
"2","NGC3169","NGC 3169","","","","G","10.89","4.34","Sex"
"2","NGC3949","NGC 3949","","","","G","10.89","2.26","UMa"
"2","NGC4267","NGC 4267","","","","G","10.89","2.55","Vir"
"2","IC4634","IC 4634","","","","PN","10.9","0.14","Oph"
"2","NGC4361","NGC 4361","","","","PN","10.9","1.05","Crv"
"2","NGC5576","NGC 5576","","","","G","10.9","2.83","Vir"
"2","NGC6153","NGC 6153","","","","PN","10.9","0.4","Sco"
"2","NGC6884","NGC 6884","","","","PN","10.9","0.1","Cyg"
"2","NGC7026","NGC 7026","","","","PN","10.9","0.33","Cyg"
"2","NGC0986","NGC 986","","","","G","10.91","3.77","For"
"2","NGC1964","NGC 1964","","","","G","10.91","5.16","Lep"
"2","NGC3593","NGC 3593","","","","G","10.91","4.69","Leo"
"2","NGC0672","NGC 672","","","","G","10.92","7.01","Tri"
"2","NGC1187","NGC 1187","","","","G","10.92","4.14","Eri"
"2","NGC2090","NGC 2090","","","","G","10.92","4.47","Col"
"2","NGC3348","NGC 3348","","","","G","10.92","2.13","UMa"
"2","NGC4373","NGC 4373","","","","G","10.92","3.98","Cen"
"2","NGC3887","NGC 3887","","","","G","10.93","3.27","Crt"
"2","NGC4179","NGC 4179","","","","G","10.93","4.48","Vir"
"2","NGC4689","NGC 4689","","","","G","10.93","3.82","Com"
"2","NGC1448","NGC 1448","","","","G","10.94","8.02","Hor"
"2","NGC2859","NGC 2859","","","","G","10.94","3.19","LMi"
"2","NGC0596","NGC 596","","","","G","10.95","2.14","Cet"
"2","NGC3223","NGC 3223","","","","G","10.96","4.28","Ant"
"2","IC4329","IC 4329","","","","G","10.97","4.74","Cen"
"2","NGC1600","NGC 1600","","","","G","10.97","3.33","Eri"
"2","NGC3705","NGC 3705","","","","G","10.97","4.31","Leo"
"2","NGC4503","NGC 4503","","","","G","10.97","3.48","Vir"
"2","NGC4845","NGC 4845","","","","G","10.97","5.5","Vir"
"2","NGC7205","NGC 7205","","","","G","10.97","3.7","Tuc"
"2","NGC3626","NGC 3626","","","","G","10.98","2.94","Leo"
"2","NGC3690B","NGC 3690B","","","","G","10.98","2.4","UMa"
"2","NGC7457","NGC 7457","","","","G","10.98","3.95","Peg"
"2","NGC1515","NGC 1515","","","","G","10.99","5.5","Dor"
"2","NGC2035","NGC 2035","","","","EN","10.99","1.8","Dor"
"2","NGC4691","NGC 4691","","","","G","10.99","3.03","Vir"
"2","IC5148","IC 5148","","","","PN","11","2.3","Gru"
"2","NGC3091","NGC 3091","","","","G","11","3.69","Hya"
"2","NGC3877","NGC 3877","","","","G","11","5.36","UMa"
"2","NGC5850","NGC 5850","","","","G","11","3.35","Vir"
"2","NGC5873","NGC 5873","","","","PN","11","0.12","Lup"
"2","NGC6563","NGC 6563","","","","PN","11","0.79","Sgr"
"2","NGC6567","NGC 6567","","","","PN","11","0.13","Sgr"
"2","NGC7144","NGC 7144","","","","G","11","3.41","Gru"
"2","NGC7184","NGC 7184","","","","G","11","5.98","Aqr"
"2","NGC7606","NGC 7606","","","","G","11","5.26","Aqr"
"2","NGC4984","NGC 4984","","","","G","11.01","3.37","Vir"
"2","NGC5474","NGC 5474","","","","G","11.01","2.39","UMa"
"2","NGC7640","NGC 7640","","","","G","11.01","8.09","And"
"2","NGC1087","NGC 1087","","","","G","11.02","2.97","Cet"
"2","NGC1379","NGC 1379","","","","G","11.02","2.66","For"
"2","NGC2640","NGC 2640","","","","G","11.02","4.67","Car"
"2","NGC3193","NGC 3193","","","","G","11.02","2.36","Leo"
"2","NGC3250","NGC 3250","","","","G","11.02","2.96","Ant"
"2","NGC3511","NGC 3511","","","","G","11.02","6.04","Crt"
"2","NGC4388","NGC 4388","","","","G","11.02","5.38","Vir"
"2","NGC4461","NGC 4461","","","","G","11.02","3.61","Vir"
"2","NGC5353","NGC 5353","","","","G","11.02","2.37","CVn"
"2","NGC5557","NGC 5557","","","","G","11.02","2.28","Boo"
"2","NGC5585","NGC 5585","","","","G","11.02","4.27","UMa"
"2","NGC5921","NGC 5921","","","","G","11.02","3.02","Se1"
"2","NGC1385","NGC 1385","","","","G","11.03","3.4","For"
"2","NGC2950","NGC 2950","","","","G","11.03","2.62","UMa"
"2","NGC4242","NGC 4242","","","","G","11.03","3.8","CVn"
"2","NGC4394","NGC 4394","","","","G","11.03","3.48","Com"
"2","NGC7582","NGC 7582","","","","G","11.03","6.95","Gru"
"2","NGC1052","NGC 1052","","","","G","11.04","2.94","Cet"
"2","NGC2293","NGC 2293","","","","G","11.04","4.41","CMa"
"2","NGC4469","NGC 4469","","","","G","11.04","2.86","Vir"
"2","NGC6753","NGC 6753","","","","G","11.04","2.97","Pav"
"2","NGC6861","NGC 6861","","","","G","11.04","3.18","Tel"
"2","NGC7418","NGC 7418","","","","G","11.04","3.66","Gru"
"2","NGC1073","NGC 1073","","","","G","11.05","3.54","Cet"
"2","NGC2855","NGC 2855","","","","G","11.05","3.45","Hya"
"2","NGC3189","NGC 3189","","","","G","11.05","3.64","Leo"
"2","NGC7332","NGC 7332","","","","G","11.05","2.95","Peg"
"2","NGC1400","NGC 1400","","","","G","11.06","2.81","Eri"
"2","NGC2207","NGC 2207","","","","G","11.06","4.86","CMa"
"2","NGC4419","NGC 4419","","","","G","11.06","3.89","Com"
"2","NGC7619","NGC 7619","","","","G","11.06","2.53","Peg"
"2","NGC0864","NGC 864","","","","G","11.07","3.72","Cet"
"2","NGC5982","NGC 5982","","","","G","11.07","3.07","Dra"
"2","NGC4041","NGC 4041","","","","G","11.08","2.57","UMa"
"2","NGC4608","NGC 4608","","","","G","11.08","2.88","Vir"
"2","NGC4866","NGC 4866","","","","G","11.08","5.77","Vir"
"2","IC2469","IC 2469","","","","G","11.09","5.79","Pyx"
"2","NGC0578","NGC 578","","","","G","11.09","4.82","Cet"
"2","NGC3414","NGC 3414","","","","G","11.09","2.67","LMi"
"2","NGC4100","NGC 4100","","","","G","11.09","4.56","UMa"
"2","IC2128","IC 2128","","","","CN","11.1","4.8","Dor"
"2","IC4662","IC 4662","","","","G","11.1","2.09","Pav"
"2","NGC4208","NGC 4208","","","","G","11.1","2.8","Com"
"2","NGC4709","NGC 4709","","","","G","11.1","3.09","Cen"
"2","IC2163","IC 2163","","","","G","11.11","3.37","CMa"
"2","IC5250A","IC 5250A","","","","G","11.11","1.51","Tuc"
"2","NGC1569","NGC 1569","","","","G","11.11","3.91","Cam"
"2","NGC4261","NGC 4261","","","","G","11.11","4.25","Vir"
"2","NGC4448","NGC 4448","","","","G","11.11","1.58","Com"
"2","NGC4570","NGC 4570","","","","G","11.11","3.88","Vir"
"2","NGC4995","NGC 4995","","","","G","11.11","2.43","Vir"
"2","NGC6340","NGC 6340","","","","G","11.11","3.04","Dra"
"2","NGC6643","NGC 6643","","","","G","11.11","3.32","Dra"
"2","NGC0210","NGC 210","","","","G","11.12","4.98","Cet"
"2","NGC2280","NGC 2280","","","","G","11.12","6.53","CMa"
"2","NGC2380","NGC 2380","","","","G","11.12","2.52","CMa"
"2","NGC4638","NGC 4638","","","","G","11.12","2.31","Vir"
"2","NGC7145","NGC 7145","","","","G","11.12","2.95","Gru"
"2","NGC7626","NGC 7626","","","","G","11.12","2.5","Peg"
"2","NGC2292","NGC 2292","","","","G","11.13","4.34","CMa"
"2","NGC5087","NGC 5087","","","","G","11.13","2.99","Vir"
"2","NGC5483","NGC 5483","","","","G","11.13","3.42","Cen"
"2","NGC7177","NGC 7177","","","","G","11.13","2.85","Peg"
"2","NGC1374","NGC 1374","","","","G","11.14","2.86","For"
"2","NGC1596","NGC 1596","","","","G","11.14","3.87","Dor"
"2","NGC2549","NGC 2549","","","","G","11.14","3.63","Lyn"
"2","NGC4062","NGC 4062","","","","G","11.15","4.14","UMa"
"2","NGC4340","NGC 4340","","","","G","11.15","2.82","Com"
"2","NGC7213","NGC 7213","","","","G","11.15","4.84","Gru"
"2","NGC1700","NGC 1700","","","","G","11.16","3.11","Eri"
"2","NGC2300","NGC 2300","","","","G","11.16","3.05","Cep"
"2","NGC3078","NGC 3078","","","","G","11.16","3.04","Hya"
"2","NGC6215","NGC 6215","","","","G","11.16","2.64","Ara"
"2","NGC6907","NGC 6907","","","","G","11.16","3.33","Cap"
"2","NGC1255","NGC 1255","","","","G","11.17","4.05","For"
"2","NGC2366","NGC 2366","","","","G","11.17","4.37","Cam"
"2","NGC3423","NGC 3423","","","","G","11.17","3.56","Sex"
"2","NGC4027","NGC 4027","","","","G","11.17","3.54","Crv"
"2","NGC6015","NGC 6015","","","","G","11.17","5.81","Dra"
"2","IC3370","IC 3370","","","","G","11.18","3.12","Cen"
"2","NGC0289","NGC 289","","","","G","11.18","3.36","Scl"
"2","NGC2325","NGC 2325","","","","G","11.18","3.97","CMa"
"2","NGC7713","NGC 7713","","","","G","11.18","4.91","Scl"
"2","IC4765","IC 4765","","","","G","11.19","3.79","Pav"
"2","NGC1411","NGC 1411","","","","G","11.19","2.45","Hor"
"2","NGC2196","NGC 2196","","","","G","11.19","2.77","Lep"
"2","NGC2935","NGC 2935","","","","G","11.19","4.21","Hya"
"2","NGC5530","NGC 5530","","","","G","11.19","4.86","Lup"
"2","NGC7377","NGC 7377","","","","G","11.19","3.92","Aqr"
"2","NGC7410","NGC 7410","","","","G","11.19","6.01","Gru"
"2","IC0239","IC 239","","","","G","11.2","4.25","And"
"2","IC1266","IC 1266","","","","PN","11.2","0.16","Ara"
"2","IC2621","IC 2621","","","","PN","11.2","0.08","Car"
"2","NGC1487 NED01","NGC 1487 NED01","","","","G","11.2","2.34","Eri"
"2","NGC2371","NGC 2371","","","","PN","11.2","2.2","Gem"
"2","NGC3646","NGC 3646","","","","G","11.2","3.09","Leo"
"2","NGC4136","NGC 4136","","","","G","11.2","2.34","Com"
"2","NGC4742","NGC 4742","","","","G","11.2","2.14","Vir"
"2","NGC5307","NGC 5307","","","","PN","11.2","0.21","Cen"
"2","NGC5701","NGC 5701","","","","G","11.2","2","Vir"
"2","NGC0779","NGC 779","","","","G","11.21","1.35","Cet"
"2","NGC0988","NGC 988","","","","G","11.21","4.33","Cet"
"2","NGC5638","NGC 5638","","","","G","11.21","1.94","Vir"
"2","NGC7723","NGC 7723","","","","G","11.21","3.29","Aqr"
"2","IC4889","IC 4889","","","","G","11.22","2.99","Tel"
"2","NGC1042","NGC 1042","","","","G","11.22","3.87","Cet"
"2","NGC4145","NGC 4145","","","","G","11.22","4.62","CVn"
"2","NGC4417","NGC 4417","","","","G","11.22","3.09","Vir"
"2","NGC5676","NGC 5676","","","","G","11.22","3.59","Boo"
"2","NGC7314","NGC 7314","","","","G","11.22","4.21","PsA"
"2","IC2051","IC 2051","","","","G","11.23","2.86","Men"
"2","NGC3717","NGC 3717","","","","G","11.23","6.52","Hya"
"2","NGC4217","NGC 4217","","","","G","11.23","5.43","CVn"
"2","NGC5170","NGC 5170","","","","G","11.23","7.96","Vir"
"2","NGC5812","NGC 5812","","","","G","11.23","2.66","Lib"
"2","NGC1923","NGC 1923","","","","CN","11.24","0.95","Dor"
"2","NGC3892","NGC 3892","","","","G","11.24","3.08","Crt"
"2","NGC7083","NGC 7083","","","","G","11.24","3.56","Ind"
"2","NGC1058","NGC 1058","","","","G","11.25","2.47","Per"
"2","NGC2787","NGC 2787","","","","G","11.25","3.24","UMa"
"2","NGC7531","NGC 7531","","","","G","11.25","4.11","Gru"
"2","NGC0741","NGC 741","","","","G","11.26","2.83","Psc"
"2","NGC1743","NGC 1743","","","","EN","11.26","0.95","Dor"
"2","NGC3175","NGC 3175","","","","G","11.26","5.25","Ant"
"2","NGC4564","NGC 4564","","","","G","11.26","3.13","Vir"
"2","NGC4902","NGC 4902","","","","G","11.26","2.63","Vir"
"2","NGC5792","NGC 5792","","","","G","11.26","3.55","Lib"
"2","NGC3432","NGC 3432","","","","G","11.27","7.41","LMi"
"2","NGC4660","NGC 4660","","","","G","11.27","2.09","Vir"
"2","NGC4941","NGC 4941","","","","G","11.27","3.29","Vir"
"2","NGC5377","NGC 5377","","","","G","11.27","3.64","CVn"
"2","NGC5903","NGC 5903","","","","G","11.27","3","Lib"
"2","NGC7741","NGC 7741","","","","G","11.27","3.63","Peg"
"2","IC5325","IC 5325","","","","G","11.28","2.88","Phe"
"2","NGC5090","NGC 5090","","","","G","11.28","3.51","Cen"
"2","NGC7192","NGC 7192","","","","G","11.28","2.42","Ind"
"2","IC1029","IC 1029","","","","G","11.29","2.78","Boo"
"2","NGC0660","NGC 660","","","","G","11.29","4.57","Psc"
"2","NGC4157","NGC 4157","","","","G","11.29","6.22","UMa"
"2","NGC4378","NGC 4378","","","","G","11.29","2.09","Vir"
"2","NGC4380","NGC 4380","","","","G","11.29","3.35","Vir"
"2","NGC4571","NGC 4571","","","","G","11.29","3.56","Com"
"2","IC2105","IC 2105","","","","CN","11.3","0.65","Dor"
"2","IC5217","IC 5217","","","","PN","11.3","0.11","Lac"
"2","NGC1511","NGC 1511","","","","G","11.3","3.66","Hyi"
"2","NGC1877","NGC 1877","","","","EN","11.3","1.1","Dor"
"2","NGC3059","NGC 3059","","","","G","11.3","3.8","Car"
"2","NGC3699","NGC 3699","","","","PN","11.3","0.75","Cen"
"2","NGC3706","NGC 3706","","","","G","11.3","3.1","Cen"
"2","NGC4106","NGC 4106","","","","G","11.3","4.14","Hya"
"2","NGC6629","NGC 6629","","","","PN","11.3","0.26","Sgr"
"2","NGC7013","NGC 7013","","","","G","11.3","4.16","Cyg"
"2","NGC7041","NGC 7041","","","","G","11.3","3.46","Ind"
"2","IC3896","IC 3896","","","","G","11.31","3.05","Cen"
"2","NGC1615","NGC 1615","","","","G","11.31","1.36","Tau"
"2","NGC4013","NGC 4013","","","","G","11.31","4.89","UMa"
"2","NGC4281","NGC 4281","","","","G","11.31","2.85","Vir"
"2","IC4797","IC 4797","","","","G","11.32","2.62","Tel"
"2","NGC3311","NGC 3311","","","","G","11.32","2.63","Hya"
"2","NGC5204","NGC 5204","","","","G","11.32","4.5","UMa"
"2","NGC5308","NGC 5308","","","","G","11.32","4.33","UMa"
"2","NGC5365","NGC 5365","","","","G","11.32","3.88","Cen"
"2","NGC5713","NGC 5713","","","","G","11.32","2.47","Vir"
"2","NGC6814","NGC 6814","","","","G","11.32","3.08","Aql"
"2","NGC0972","NGC 972","","","","G","11.33","3.31","Ari"
"2","NGC2559","NGC 2559","","","","G","11.33","2.81","Pup"
"2","NGC3998","NGC 3998","","","","G","11.33","2.78","UMa"
"2","NGC4064","NGC 4064","","","","G","11.33","3.22","Com"
"2","NGC4220","NGC 4220","","","","G","11.33","3.3","CVn"
"2","NGC6482","NGC 6482","","","","G","11.33","2.03","Her"
"2","NGC7412","NGC 7412","","","","G","11.33","3.79","Gru"
"2","IC2006","IC 2006","","","","G","11.34","2.36","Eri"
"2","IC5052","IC 5052","","","","G","11.34","7.16","Pav"
"2","NGC2434","NGC 2434","","","","G","11.34","2.69","Vol"
"2","NGC3672","NGC 3672","","","","G","11.34","2.9","Crt"
"2","NGC4772","NGC 4772","","","","G","11.34","4.12","Vir"
"2","NGC4802","NGC 4802","","","","G","11.34","2.64","Crv"
"2","NGC4818","NGC 4818","","","","G","11.34","4.27","Vir"
"2","NGC1022","NGC 1022","","","","G","11.35","2.6","Cet"
"2","NGC1546","NGC 1546","","","","G","11.35","3.72","Dor"
"2","NGC4298","NGC 4298","","","","G","11.35","2.54","Com"
"2","NGC6925","NGC 6925","","","","G","11.35","4.68","Mic"
"2","NGC7599","NGC 7599","","","","G","11.35","4.81","Gru"
"2","NGC4900","NGC 4900","","","","G","11.36","2.13","Vir"
"2","IC5201","IC 5201","","","","G","11.37","6.7","Gru"
"2","IC5328","IC 5328","","","","G","11.37","2.99","Phe"
"2","NGC2964","NGC 2964","","","","G","11.37","2.92","Leo"
"2","NGC3100","NGC 3100","","","","G","11.37","3.56","Ant"
"2","NGC3319","NGC 3319","","","","G","11.37","3.63","UMa"
"2","NGC3507","NGC 3507","","","","G","11.37","2.92","Leo"
"2","NGC4051","NGC 4051","","","","G","11.37","4.89","UMa"
"2","NGC1209","NGC 1209","","","","G","11.38","2.25","Eri"
"2","NGC5011","NGC 5011","","","","G","11.38","2.92","Cen"
"2","NGC5354","NGC 5354","","","","G","11.38","3.03","CVn"
"2","NGC5898","NGC 5898","","","","G","11.38","2.66","Lib"
"2","NGC6703","NGC 6703","","","","G","11.38","2.43","Lyr"
"2","IC1633","IC 1633","","","","G","11.39","2.9","Phe"
"2","NGC1439","NGC 1439","","","","G","11.39","2.96","Eri"
"2","NGC4123","NGC 4123","","","","G","11.39","3.18","Vir"
"2","NGC4781","NGC 4781","","","","G","11.39","3.66","Vir"
"2","NGC6758","NGC 6758","","","","G","11.39","2.75","Tel"
"2","NGC6943","NGC 6943","","","","G","11.39","3.75","Pav"
"2","IC2003","IC 2003","","","","PN","11.4","0.14","Per"
"2","IC4214","IC 4214","","","","G","11.4","2.96","Cen"
"2","NGC2822","NGC 2822","","","","G","11.4","3.96","Car"
"2","NGC3239","NGC 3239","","","","G","11.4","3.61","Leo"
"2","NGC4578","NGC 4578","","","","G","11.4","2.5","Vir"
"2","NGC4612","NGC 4612","","","","G","11.4","2.57","Vir"
"2","NGC6803","NGC 6803","","","","PN","11.4","0.09","Aql"
"2","NGC6886","NGC 6886","","","","PN","11.4","0.09","Sge"
"2","NGC6958","NGC 6958","","","","G","11.4","2.44","Mic"
"2","NGC0150","NGC 150","","","","G","11.41","3.54","Scl"
"2","NGC0636","NGC 636","","","","G","11.41","2.7","Cet"
"2","NGC1169","NGC 1169","","","","G","11.41","3.31","Per"
"2","NGC1453","NGC 1453","","","","G","11.41","2.46","Eri"
"2","NGC3258","NGC 3258","","","","G","11.41","2.94","Ant"
"2","NGC3261","NGC 3261","","","","G","11.41","3.65","Vel"
"2","NGC3268","NGC 3268","","","","G","11.41","3.5","Ant"
"2","NGC3301","NGC 3301","","","","G","11.41","3.63","Leo"
"2","NGC4339","NGC 4339","","","","G","11.41","2.32","Vir"
"2","NGC4981","NGC 4981","","","","G","11.41","2.7","Vir"
"2","NGC4245","NGC 4245","","","","G","11.42","2.55","Com"
"2","NGC4291","NGC 4291","","","","G","11.42","1.93","Dra"
"2","NGC4421","NGC 4421","","","","G","11.42","2.59","Com"
"2","NGC4731","NGC 4731","","","","G","11.42","6.32","Vir"
"2","NGC5493","NGC 5493","","","","G","11.42","2.17","Vir"
"2","NGC6810","NGC 6810","","","","G","11.42","3.79","Pav"
"2","NGC1199","NGC 1199","","","","G","11.43","2.83","Eri"
"2","NGC3087","NGC 3087","","","","G","11.43","2.28","Ant"
"2","NGC3686","NGC 3686","","","","G","11.43","2.88","Leo"
"2","NGC3780","NGC 3780","","","","G","11.43","2.64","UMa"
"2","NGC4178","NGC 4178","","","","G","11.43","4.66","Vir"
"2","NGC4593","NGC 4593","","","","G","11.43","2.4","Vir"
"2","NGC4930","NGC 4930","","","","G","11.43","3.54","Cen"
"2","NGC5678","NGC 5678","","","","G","11.43","2.96","Dra"
"2","NGC5775","NGC 5775","","","","G","11.43","3.7","Vir"
"2","NGC1079","NGC 1079","","","","G","11.44","2.65","For"
"2","NGC1357","NGC 1357","","","","G","11.44","3.37","Eri"
"2","NGC1493","NGC 1493","","","","G","11.44","3.44","Hor"
"2","NGC3900","NGC 3900","","","","G","11.44","2.55","Leo"
"2","NGC4346","NGC 4346","","","","G","11.44","3.13","CVn"
"2","NGC4478","NGC 4478","","","","G","11.44","1.75","Vir"
"2","IC5273","IC 5273","","","","G","11.45","3.07","Gru"
"2","NGC2811","NGC 2811","","","","G","11.45","3.05","Hya"
"2","NGC3738","NGC 3738","","","","G","11.45","2.26","UMa"
"2","NGC4168","NGC 4168","","","","G","11.45","2.92","Vir"
"2","NGC4487","NGC 4487","","","","G","11.45","3.46","Vir"
"2","NGC4889","NGC 4889","","","","G","11.45","2.59","Com"
"2","NGC7552","NGC 7552","","","","G","11.45","3.88","Gru"
"2","NGC0777","NGC 777","","","","G","11.46","2.75","Tri"
"2","NGC1351","NGC 1351","","","","G","11.46","3.4","For"
"2","NGC1353","NGC 1353","","","","G","11.46","3.64","Eri"
"2","NGC4262","NGC 4262","","","","G","11.46","1.74","Com"
"2","NGC5831","NGC 5831","","","","G","11.46","2.24","Vir"
"2","NGC0428","NGC 428","","","","G","11.47","2.82","Cet"
"2","NGC0520 NED01","NGC 520 NED01","","","","G","11.47","4.09","Psc"
"2","NGC0533","NGC 533","","","","G","11.47","3.44","Cet"
"2","NGC1381","NGC 1381","","","","G","11.47","2.54","For"
"2","NGC1426","NGC 1426","","","","G","11.47","2.86","Eri"
"2","NGC2040","NGC 2040","","","","EN","11.47","2.1","Dor"
"2","NGC2075","NGC 2075","","","","CN","11.47","2.2","Men"
"2","NGC2525","NGC 2525","","","","G","11.47","3.08","Pup"
"2","NGC3108","NGC 3108","","","","G","11.47","2.54","Ant"
"2","NGC3583","NGC 3583","","","","G","11.47","2.24","UMa"
"2","NGC5350","NGC 5350","","","","G","11.47","2.69","CVn"
"2","NGC5473","NGC 5473","","","","G","11.47","1.99","UMa"
"2","NGC5879","NGC 5879","","","","G","11.47","3.79","Dra"
"2","NGC7796","NGC 7796","","","","G","11.47","2.73","Phe"
"2","IC5181","IC 5181","","","","G","11.48","2.65","Gru"
"2","NGC0337","NGC 337","","","","G","11.48","2.92","Cet"
"2","NGC0410","NGC 410","","","","G","11.48","2.37","Psc"
"2","NGC2427","NGC 2427","","","","G","11.48","5.74","Pup"
"2","NGC2865","NGC 2865","","","","G","11.48","2.44","Hya"
"2","NGC3054","NGC 3054","","","","G","11.48","3.56","Hya"
"2","NGC4151","NGC 4151","","","","G","11.48","2.88","CVn"
"2","NGC6902","NGC 6902","","","","G","11.48","2.69","Sgr"
"2","NGC2715","NGC 2715","","","","G","11.49","4.2","Cam"
"2","NGC2742","NGC 2742","","","","G","11.49","2.86","UMa"
"2","NGC3596","NGC 3596","","","","G","11.49","3.55","Leo"
"2","NGC5643","NGC 5643","","","","G","11.49","5.27","Lup"
"2","NGC5938","NGC 5938","","","","G","11.49","2.31","TrA"
"2","IC0334","IC 334","","","","G","11.5","2.34","Cam"
"2","IC5117","IC 5117","","","","PN","11.5","0.02","Cyg"
"2","NGC0685","NGC 685","","","","G","11.5","3.01","Eri"
"2","NGC1501","NGC 1501","","","","PN","11.5","0.87","Cam"
"2","NGC1560","NGC 1560","","","","G","11.5","8.3","Cam"
"2","NGC1744","NGC 1744","","","","G","11.5","5.28","Lep"
"2","NGC2276","NGC 2276","","","","G","11.5","2.23","Cep"
"2","NGC3318","NGC 3318","","","","G","11.5","2.52","Vel"
"2","NGC4119","NGC 4119","","","","G","11.5","1.58","Vir"
"2","NGC4324","NGC 4324","","","","G","11.5","2.96","Vir"
"2","NGC5485","NGC 5485","","","","G","11.5","2.51","UMa"
"2","NGC5962","NGC 5962","","","","G","11.5","2.48","Se1"
"2","NGC5979","NGC 5979","","","","PN","11.5","0.13","TrA"
"2","NGC6326","NGC 6326","","","","PN","11.5","0.21","Ara"
"2","NGC7129","NGC 7129","","","","CN","11.5","2.1","Cep"
"2","NGC7462","NGC 7462","","","","G","11.5","4.99","Gru"
"2","NGC1003","NGC 1003","","","","G","11.51","3.47","Per"
"2","NGC1389","NGC 1389","","","","G","11.51","2.58","Eri"
"2","NGC3347","NGC 3347","","","","G","11.51","4.05","Ant"
"2","NGC4073","NGC 4073","","","","G","11.51","2.09","Vir"
"2","NGC4767","NGC 4767","","","","G","11.51","2.82","Cen"
"2","NGC5728","NGC 5728","","","","G","11.51","3.2","Lib"
"2","IC2311","IC 2311","","","","G","11.52","2.14","Pup"
"2","NGC0024","NGC 24","","","","G","11.52","6.18","Scl"
"2","NGC0474","NGC 474","","","","G","11.52","2.65","Psc"
"2","NGC1421","NGC 1421","","","","G","11.52","3.55","Eri"
"2","NGC3756","NGC 3756","","","","G","11.52","1.91","UMa"
"2","NGC5161","NGC 5161","","","","G","11.52","5.36","Cen"
"2","NGC7585","NGC 7585","","","","G","11.52","2.55","Aqr"
"2","NGC1415","NGC 1415","","","","G","11.53","3.74","Eri"
"2","NGC7098","NGC 7098","","","","G","11.53","1.78","Oct"
"2","IC4991","IC 4991","","","","G","11.54","2.91","Sgr"
"2","IC5271","IC 5271","","","","G","11.54","3","PsA"
"2","NGC1325","NGC 1325","","","","G","11.54","4.32","Eri"
"2","NGC1832","NGC 1832","","","","G","11.54","2.46","Lep"
"2","NGC1961","NGC 1961","","","","G","11.54","4.42","Cam"
"2","NGC4302","NGC 4302","","","","G","11.54","6","Com"
"2","NGC3041","NGC 3041","","","","G","11.55","3.22","Leo"
"2","NGC4203","NGC 4203","","","","G","11.55","3.42","Com"
"2","NGC4260","NGC 4260","","","","G","11.55","2.51","Vir"
"2","NGC4684","NGC 4684","","","","G","11.55","2.97","Vir"
"2","NGC7562","NGC 7562","","","","G","11.55","2.18","Psc"
"2","NGC2268","NGC 2268","","","","G","11.56","2.14","Cam"
"2","NGC2805","NGC 2805","","","","G","11.56","3.39","UMa"
"2","NGC3729","NGC 3729","","","","G","11.56","2.89","UMa"
"2","NGC4474","NGC 4474","","","","G","11.56","2.33","Com"
"2","NGC4775","NGC 4775","","","","G","11.56","2.22","Vir"
"2","NGC4825","NGC 4825","","","","G","11.56","2.69","Vir"
"2","NGC5631","NGC 5631","","","","G","11.56","1.95","UMa"
"2","IC1727","IC 1727","","","","G","11.57","6.52","Tri"
"2","NGC0507","NGC 507","","","","G","11.57","2.45","Psc"
"2","NGC1521","NGC 1521","","","","G","11.57","3.25","Eri"
"2","NGC2781","NGC 2781","","","","G","11.57","2.52","Hya"
"2","NGC3001","NGC 3001","","","","G","11.57","3.02","Ant"
"2","NGC3137","NGC 3137","","","","G","11.57","5.57","Ant"
"2","NGC3673","NGC 3673","","","","G","11.57","3.48","Hya"
"2","NGC4416","NGC 4416","","","","G","11.57","1.57","Vir"
"2","NGC5383","NGC 5383","","","","G","11.57","2.48","CVn"
"2","IC1954","IC 1954","","","","G","11.58","2.99","Hor"
"2","NGC1309","NGC 1309","","","","G","11.58","2.39","Eri"
"2","NGC3256","NGC 3256","","","","G","11.58","3.29","Vel"
"2","NGC4586","NGC 4586","","","","G","11.58","3.43","Vir"
"2","NGC4760","NGC 4760","","","","G","11.58","2.57","Vir"
"2","NGC5796","NGC 5796","","","","G","11.58","2.65","Lib"
"2","NGC7742","NGC 7742","","","","G","11.58","1.71","Peg"
"2","IC0284","IC 284","","","","G","11.59","4.29","Per"
"2","NGC4496A","NGC 4496A","","","","G","11.59","3.37","Vir"
"2","IC5105","IC 5105","","","","G","11.6","2.98","Mic"
"2","NGC0315","NGC 315","","","","G","11.6","2.86","Psc"
"2","NGC1784","NGC 1784","","","","G","11.6","4","Lep"
"2","NGC1936","NGC 1936","","","","EN","11.6","1","Dor"
"2","NGC2022","NGC 2022","","","","PN","11.6","0.32","Ori"
"2","NGC2346","NGC 2346","","","","PN","11.6","0.87","Mon"
"2","NGC2792","NGC 2792","","","","PN","11.6","0.22","Vel"
"2","NGC2818","NGC 2818","","","","PN","11.6","0.83","Pyx"
"2","NGC3195","NGC 3195","","","","PN","11.6","0.7","Cha"
"2","NGC4639","NGC 4639","","","","G","11.6","2.87","Vir"
"2","NGC4647","NGC 4647","","","","G","11.6","2.75","Vir"
"2","NGC4914","NGC 4914","","","","G","11.6","2.69","CVn"
"2","NGC6565","NGC 6565","","","","PN","11.6","0.23","Sgr"
"2","NGC7785","NGC 7785","","","","G","11.6","1.95","Psc"
"2","IC4182","IC 4182","","","","G","11.61","6.01","CVn"
"2","NGC1714","NGC 1714","","","","CN","11.61","1.1","Dor"
"2","NGC2880","NGC 2880","","","","G","11.61","2.33","UMa"
"2","NGC2967","NGC 2967","","","","G","11.61","2.14","Sex"
"2","NGC3310","NGC 3310","","","","G","11.61","1.8","UMa"
"2","NGC3358","NGC 3358","","","","G","11.61","3.62","Ant"
"2","NGC4144","NGC 4144","","","","G","11.61","5.24","UMa"
"2","NGC4504","NGC 4504","","","","G","11.61","3.18","Vir"
"2","NGC4540","NGC 4540","","","","G","11.61","2.19","Com"
"2","NGC5970","NGC 5970","","","","G","11.61","2.77","Se1"
"2","NGC6438","NGC 6438","","","","G","11.61","1.76","Oct"
"2","NGC6908","NGC 6908","","","","G","11.61","1.87","Cap"
"2","IC4351","IC 4351","","","","G","11.62","6.55","Hya"
"2","NGC1679","NGC 1679","","","","G","11.62","3.07","Cae"
"2","NGC3894","NGC 3894","","","","G","11.62","2.66","UMa"
"2","NGC4800","NGC 4800","","","","G","11.62","1.65","CVn"
"2","NGC5121","NGC 5121","","","","G","11.62","2.16","Cen"
"2","NGC5582","NGC 5582","","","","G","11.62","2.2","Boo"
"2","NGC0128","NGC 128","","","","G","11.63","3.16","Psc"
"2","NGC1156","NGC 1156","","","","G","11.63","2.96","Ari"
"2","NGC1440","NGC 1440","","","","G","11.63","2.62","Eri"
"2","NGC2513","NGC 2513","","","","G","11.63","1.91","Cnc"
"2","NGC2665","NGC 2665","","","","G","11.63","2","Hya"
"2","NGC2907","NGC 2907","","","","G","11.63","2.82","Hya"
"2","NGC3095","NGC 3095","","","","G","11.63","3.61","Ant"
"2","NGC4379","NGC 4379","","","","G","11.63","1.87","Com"
"2","NGC1016","NGC 1016","","","","G","11.64","2.26","Cet"
"2","NGC2672","NGC 2672","","","","G","11.64","3.2","Cnc"
"2","NGC4793","NGC 4793","","","","G","11.64","1.82","Com"
"2","NGC5408","NGC 5408","","","","G","11.64","2.84","Cen"
"2","NGC6207","NGC 6207","","","","G","11.64","3.46","Her"
"2","NGC6872","NGC 6872","","","","G","11.64","4.7","Pav"
"2","IC4901","IC 4901","","","","G","11.65","3.68","Pav"
"2","NGC0057","NGC 57","","","","G","11.65","2.11","Psc"
"2","NGC1174","NGC 1174","","","","G","11.65","3.58","Per"
"2","NGC1726","NGC 1726","","","","G","11.65","2.9","Eri"
"2","NGC2500","NGC 2500","","","","G","11.65","2.47","Lyn"
"2","NGC3275","NGC 3275","","","","G","11.65","2.81","Ant"
"2","NGC3277","NGC 3277","","","","G","11.65","2.11","LMi"
"2","NGC3981","NGC 3981","","","","G","11.65","3.32","Crt"
"2","NGC5077","NGC 5077","","","","G","11.65","2.65","Vir"
"2","NGC5806","NGC 5806","","","","G","11.65","3.03","Vir"
"2","NGC7079","NGC 7079","","","","G","11.65","2.3","Gru"
"2","IC5240","IC 5240","","","","G","11.66","3.2","Gru"
"2","NGC0151","NGC 151","","","","G","11.66","3.74","Cet"
"2","NGC0615","NGC 615","","","","G","11.66","3.18","Cet"
"2","NGC0718","NGC 718","","","","G","11.66","2.75","Psc"
"2","NGC2139","NGC 2139","","","","G","11.66","2.94","Lep"
"2","NGC2887","NGC 2887","","","","G","11.66","2.55","Car"
"2","NGC3254","NGC 3254","","","","G","11.66","2.34","LMi"
"2","NGC3513","NGC 3513","","","","G","11.66","2.81","Crt"
"2","NGC4531","NGC 4531","","","","G","11.66","3.03","Vir"
"2","NGC5395","NGC 5395","","","","G","11.66","2.49","CVn"
"2","NGC6140","NGC 6140","","","","G","11.66","2.09","Dra"
"2","NGC0254","NGC 254","","","","G","11.67","2.77","Scl"
"2","NGC1032","NGC 1032","","","","G","11.67","3.58","Cet"
"2","NGC2188","NGC 2188","","","","G","11.67","5.42","Col"
"2","NGC3655","NGC 3655","","","","G","11.67","1.45","Leo"
"2","NGC4603","NGC 4603","","","","G","11.67","2.6","Cen"
"2","NGC5878","NGC 5878","","","","G","11.67","3.27","Lib"
"2","NGC7029","NGC 7029","","","","G","11.67","2.75","Ind"
"2","IC2597","IC 2597","","","","G","11.68","2.62","Hya"
"2","NGC1487 NED02","NGC 1487 NED02","","","","G","11.68","3.72","Eri"
"2","NGC2748","NGC 2748","","","","G","11.68","2.6","Cam"
"2","NGC2776","NGC 2776","","","","G","11.68","2.14","Lyn"
"2","NGC3294","NGC 3294","","","","G","11.68","3.08","LMi"
"2","NGC4424","NGC 4424","","","","G","11.68","3.04","Vir"
"2","NGC7140","NGC 7140","","","","G","11.68","3.04","Ind"
"2","NGC7721","NGC 7721","","","","G","11.68","3.08","Aqr"
"2","NGC7755","NGC 7755","","","","G","11.68","3.7","Scl"
"2","NGC1436","NGC 1436","","","","G","11.69","2.97","Eri"
"2","NGC1640","NGC 1640","","","","G","11.69","2.72","Eri"
"2","NGC1703","NGC 1703","","","","G","11.69","2.68","Dor"
"2","NGC2654","NGC 2654","","","","G","11.69","4.45","UMa"
"2","NGC3038","NGC 3038","","","","G","11.69","2.8","Ant"
"2","NGC4150","NGC 4150","","","","G","11.69","1.99","Com"
"2","NGC4369","NGC 4369","","","","G","11.69","1.98","CVn"
"2","NGC4386","NGC 4386","","","","G","11.69","2.52","Dra"
"2","NGC5371","NGC 5371","","","","G","11.69","3.98","CVn"
"2","NGC5750","NGC 5750","","","","G","11.69","2.65","Vir"
"2","NGC5861","NGC 5861","","","","G","11.69","2.78","Lib"
"2","NGC7448","NGC 7448","","","","G","11.69","2.07","Peg"
"2","IC1644","IC 1644","","","","EN","11.7","0.8","Tuc"
"2","IC2554","IC 2554","","","","G","11.7","3.31","Car"
"2","IC3829","IC 3829","","","","G","11.7","3.41","Hya"
"2","IC4599","IC 4599","","","","PN","11.7","0.24","Sco"
"2","NGC0520 NED02","NGC 520 NED02","","","","G","11.7","1.56","Psc"
"2","NGC1530","NGC 1530","","","","G","11.7","1.82","Cam"
"2","NGC1587","NGC 1587","","","","G","11.7","2.08","Tau"
"2","NGC2305","NGC 2305","","","","G","11.7","1.94","Vol"
"2","NGC2541","NGC 2541","","","","G","11.7","3.02","Lyn"
"2","NGC3056","NGC 3056","","","","G","11.7","2.26","Ant"
"2","NGC3813","NGC 3813","","","","G","11.7","2.12","UMa"
"2","NGC3982","NGC 3982","","","","G","11.7","2.13","UMa"
"2","NGC4162","NGC 4162","","","","G","11.7","2.28","Com"
"2","NGC4312","NGC 4312","","","","G","11.7","5.02","Com"
"2","NGC4460","NGC 4460","","","","G","11.7","3.93","CVn"
"2","NGC5012","NGC 5012","","","","G","11.7","2.64","Com"
"2","NGC5885","NGC 5885","","","","G","11.7","3.07","Lib"
"2","NGC6072","NGC 6072","","","","PN","11.7","1.17","Sco"
"2","NGC7097","NGC 7097","","","","G","11.7","1.89","Gru"
"2","NGC7329","NGC 7329","","","","G","11.7","3.12","Tuc"
"2","IC4837A","IC 4837A","","","","G","11.71","4.47","Tel"
"2","IC5250B","IC 5250B","","","","G","11.71","1.74","Tuc"
"2","NGC0514","NGC 514","","","","G","11.71","3.5","Psc"
"2","NGC1876","NGC 1876","","","","CN","11.71","1.5","Dor"
"2","NGC2077","NGC 2077","","","","EN","11.71","1.3","Dor"
"2","NGC2460","NGC 2460","","","","G","11.71","1.83","Cam"
"2","NGC3366","NGC 3366","","","","G","11.71","2.72","Vel"
"2","NGC3872","NGC 3872","","","","G","11.71","2.39","Leo"
"2","NGC4786","NGC 4786","","","","G","11.71","1.98","Vir"
"2","NGC4790","NGC 4790","","","","G","11.71","1.69","Vir"
"2","NGC5328","NGC 5328","","","","G","11.71","3.07","Hya"
"2","NGC5614","NGC 5614","","","","G","11.71","2.43","Boo"
"2","NGC5668","NGC 5668","","","","G","11.71","1.91","Vir"
"2","NGC6118","NGC 6118","","","","G","11.71","4.45","Se1"
"2","NGC6893","NGC 6893","","","","G","11.71","2.87","Tel"
"2","NGC3162","NGC 3162","","","","G","11.72","2.09","Leo"
"2","NGC3227","NGC 3227","","","","G","11.72","3.98","Leo"
"2","NGC4313","NGC 4313","","","","G","11.72","3.8","Vir"
"2","NGC5987","NGC 5987","","","","G","11.72","3.84","Dra"
"2","NGC6673","NGC 6673","","","","G","11.72","2.6","Pav"
"2","NGC0691","NGC 691","","","","G","11.73","2.68","Ari"
"2","NGC0784","NGC 784","","","","G","11.73","4.17","Tri"
"2","NGC2340","NGC 2340","","","","G","11.73","3.16","Lyn"
"2","NGC2968","NGC 2968","","","","G","11.73","2.48","Leo"
"2","NGC3271","NGC 3271","","","","G","11.73","3.01","Ant"
"2","NGC3313","NGC 3313","","","","G","11.73","2.96","Hya"
"2","NGC3367","NGC 3367","","","","G","11.73","2.88","Leo"
"2","NGC3495","NGC 3495","","","","G","11.73","4.66","Leo"
"2","NGC4713","NGC 4713","","","","G","11.73","1.66","Vir"
"2","NGC5193","NGC 5193","","","","G","11.73","2.07","Cen"
"2","NGC5334","NGC 5334","","","","G","11.73","3.38","Vir"
"2","NGC6548","NGC 6548","","","","G","11.73","2.65","Her"
"2","NGC3283","NGC 3283","","","","G","11.74","2.86","Vel"
"2","NGC3309","NGC 3309","","","","G","11.74","1.82","Hya"
"2","NGC4933B","NGC 4933B","","","","G","11.74","4.37","Vir"
"2","NGC5687","NGC 5687","","","","G","11.74","2.41","Boo"
"2","NGC7020","NGC 7020","","","","G","11.74","4.1","Pav"
"2","IC2035","IC 2035","","","","G","11.75","1.41","Hor"
"2","NGC1172","NGC 1172","","","","G","11.75","2.28","Eri"
"2","NGC1339","NGC 1339","","","","G","11.75","2.01","For"
"2","NGC3818","NGC 3818","","","","G","11.75","2.44","Vir"
"2","NGC3976","NGC 3976","","","","G","11.75","3.13","Vir"
"2","NGC4602","NGC 4602","","","","G","11.75","1.29","Vir"
"2","NGC6070","NGC 6070","","","","G","11.75","3.49","Se1"
"2","NGC2339","NGC 2339","","","","G","11.76","2.42","Gem"
"2","NGC2639","NGC 2639","","","","G","11.76","1.61","UMa"
"2","NGC3027","NGC 3027","","","","G","11.76","3.35","UMa"
"2","NGC4733","NGC 4733","","","","G","11.76","1.97","Vir"
"2","NGC5297","NGC 5297","","","","G","11.76","3.72","CVn"
"2","NGC6824","NGC 6824","","","","G","11.76","1.91","Cyg"
"2","NGC7541","NGC 7541","","","","G","11.76","3.03","Psc"
"2","NGC0895","NGC 895","","","","G","11.77","3.32","Cet"
"2","NGC1249","NGC 1249","","","","G","11.77","3.64","Hor"
"2","NGC4224","NGC 4224","","","","G","11.77","2.9","Vir"
"2","NGC4304","NGC 4304","","","","G","11.77","2.48","Hya"
"2","NGC5134","NGC 5134","","","","G","11.77","2.7","Vir"
"2","NGC6769","NGC 6769","","","","G","11.77","2.86","Pav"
"2","NGC1253","NGC 1253","","","","G","11.78","4.57","Eri"
"2","NGC2889","NGC 2889","","","","G","11.78","1.95","Hya"
"2","NGC3003","NGC 3003","","","","G","11.78","4.74","LMi"
"2","NGC4402","NGC 4402","","","","G","11.78","3.52","Vir"
"2","NGC5042","NGC 5042","","","","G","11.78","4.15","Hya"
"2","NGC5198","NGC 5198","","","","G","11.78","2.03","CVn"
"2","NGC5690","NGC 5690","","","","G","11.78","3.2","Vir"
"2","NGC5965","NGC 5965","","","","G","11.78","5.08","Dra"
"2","NGC0470","NGC 470","","","","G","11.79","2.86","Psc"
"2","NGC1518","NGC 1518","","","","G","11.79","3.47","Eri"
"2","NGC1573","NGC 1573","","","","G","11.79","1.95","Cam"
"2","NGC2832","NGC 2832","","","","G","11.79","3.2","Lyn"
"2","NGC3136B","NGC 3136B","","","","G","11.79","1.75","Car"
"2","NGC4033","NGC 4033","","","","G","11.79","2.59","Crv"
"2","NGC4050","NGC 4050","","","","G","11.79","3.43","Crv"
"2","NGC4808","NGC 4808","","","","G","11.79","2.36","Vir"
"2","NGC7769","NGC 7769","","","","G","11.79","1.75","Peg"
"2","NGC0521","NGC 521","","","","G","11.8","2.77","Cet"
"2","NGC1624","NGC 1624","","","","CN","11.8","3","Per"
"2","NGC2818A","NGC 2818A","","","","CN","11.8","6.9","Pyx"
"2","NGC2899","NGC 2899","","","","PN","11.8","1.5","Vel"
"2","NGC4024","NGC 4024","","","","G","11.8","1.75","Crv"
"2","NGC4138","NGC 4138","","","","G","11.8","2.92","CVn"
"2","NGC4273","NGC 4273","","","","G","11.8","2.19","Vir"
"2","NGC4377","NGC 4377","","","","G","11.8","1.6","Com"
"2","NGC4650","NGC 4650","","","","G","11.8","3.05","Cen"
"2","NGC5422","NGC 5422","","","","G","11.8","2.81","UMa"
"2","NGC5689","NGC 5689","","","","G","11.8","3.66","Boo"
"2","NGC5854","NGC 5854","","","","G","11.8","3.02","Vir"
"2","NGC6658","NGC 6658","","","","G","11.8","1.5","Her"
"2","NGC7513","NGC 7513","","","","G","11.8","3.19","Scl"
"2","NGC1461","NGC 1461","","","","G","11.81","2.9","Eri"
"2","NGC1589","NGC 1589","","","","G","11.81","3.06","Tau"
"2","NGC2079","NGC 2079","","","","EN","11.81","1.1","Dor"
"2","NGC2310","NGC 2310","","","","G","11.81","4.52","Pup"
"2","NGC3430","NGC 3430","","","","G","11.81","3.99","LMi"
"2","NGC3684","NGC 3684","","","","G","11.81","2.29","Leo"
"2","NGC3882","NGC 3882","","","","G","11.81","3.32","Cen"
"2","NGC3917","NGC 3917","","","","G","11.81","4.61","UMa"
"2","NGC4045","NGC 4045","","","","G","11.81","2.55","Vir"
"2","NGC4440","NGC 4440","","","","G","11.81","1.77","Vir"
"2","NGC4835","NGC 4835","","","","G","11.81","3.3","Cen"
"2","NGC5026","NGC 5026","","","","G","11.81","3.52","Cen"
"2","NGC5105","NGC 5105","","","","G","11.81","1.93","Vir"
"2","NGC5533","NGC 5533","","","","G","11.81","2.86","Boo"
"2","NGC5688","NGC 5688","","","","G","11.81","4.13","Lup"
"2","NGC5985","NGC 5985","","","","G","11.81","3.98","Dra"
"2","IC0131","IC 131","","","","EN","11.82","0.3","Tri"
"2","IC0750","IC 750","","","","G","11.82","2.11","UMa"
"2","IC4402","IC 4402","","","","G","11.82","5.78","Lup"
"2","IC4721","IC 4721","","","","G","11.82","5.3","Pav"
"2","NGC0266","NGC 266","","","","G","11.82","2.92","Psc"
"2","NGC1060","NGC 1060","","","","G","11.82","2.36","Tri"
"2","NGC1406","NGC 1406","","","","G","11.82","4.5","For"
"2","NGC2713","NGC 2713","","","","G","11.82","3.37","Hya"
"2","NGC3769","NGC 3769","","","","G","11.82","2.82","UMa"
"2","NGC5556","NGC 5556","","","","G","11.82","3.45","Hya"
"2","NGC5964","NGC 5964","","","","G","11.82","3.42","Se1"
"2","NGC6181","NGC 6181","","","","G","11.82","2.39","Her"
"2","IC0520","IC 520","","","","G","11.83","2.1","Cam"
"2","NGC3450","NGC 3450","","","","G","11.83","2.61","Hya"
"2","NGC3619","NGC 3619","","","","G","11.83","3.89","UMa"
"2","NGC4219","NGC 4219","","","","G","11.83","3.75","Cen"
"2","NGC4237","NGC 4237","","","","G","11.83","1.82","Com"
"2","NGC4645","NGC 4645","","","","G","11.83","1.97","Cen"
"2","NGC4874","NGC 4874","","","","G","11.83","2.29","Com"
"2","NGC6412","NGC 6412","","","","G","11.83","2.13","Dra"
"2","IC4441","IC 4441","","","","G","11.84","1.95","Lup"
"2","IC5011","IC 5011","","","","G","11.84","3.01","Mic"
"2","NGC1452","NGC 1452","","","","G","11.84","2.39","Eri"
"2","NGC2749","NGC 2749","","","","G","11.84","1.92","Cnc"
"2","NGC3842","NGC 3842","","","","G","11.84","2.14","Leo"
"2","NGC3955","NGC 3955","","","","G","11.84","4.15","Crt"
"2","NGC4189","NGC 4189","","","","G","11.84","2.2","Com"
"2","NGC4951","NGC 4951","","","","G","11.84","3.14","Vir"
"2","NGC6654","NGC 6654","","","","G","11.84","2.91","Dra"
"2","NGC6851","NGC 6851","","","","G","11.84","2.18","Tel"
"2","NGC7392","NGC 7392","","","","G","11.84","2.24","Aqr"
"2","NGC0897","NGC 897","","","","G","11.85","2.01","For"
"2","NGC1688","NGC 1688","","","","G","11.85","2.47","Dor"
"2","NGC4389","NGC 4389","","","","G","11.85","2.51","CVn"
"2","NGC4462","NGC 4462","","","","G","11.85","3.6","Crv"
"2","NGC5079","NGC 5079","","","","G","11.85","1.38","Vir"
"2","NGC5791","NGC 5791","","","","G","11.85","2.71","Lib"
"2","NGC7744","NGC 7744","","","","G","11.85","2.48","Phe"
"2","NGC0877","NGC 877","","","","G","11.86","1.92","Ari"
"2","NGC1386","NGC 1386","","","","G","11.86","3.59","Eri"
"2","NGC2693","NGC 2693","","","","G","11.86","2","UMa"
"2","NGC2698","NGC 2698","","","","G","11.86","1.47","Hya"
"2","NGC2815","NGC 2815","","","","G","11.86","3.51","Hya"
"2","NGC2872","NGC 2872","","","","G","11.86","1.75","Leo"
"2","NGC4632","NGC 4632","","","","G","11.86","2.56","Vir"
"2","NGC4945","NGC 4945","","","","G","11.86","23.33","Cen"
"2","NGC5156","NGC 5156","","","","G","11.86","2.54","Cen"
"2","NGC5444","NGC 5444","","","","G","11.86","2.48","CVn"
"2","NGC6411","NGC 6411","","","","G","11.86","1.76","Dra"
"2","NGC6770","NGC 6770","","","","G","11.86","2.39","Pav"
"2","NGC7454","NGC 7454","","","","G","11.86","1.54","Peg"
"2","IC2056","IC 2056","","","","G","11.87","1.85","Ret"
"2","NGC0681","NGC 681","","","","G","11.87","2.47","Cet"
"2","NGC2223","NGC 2223","","","","G","11.87","2.82","CMa"
"2","NGC2258","NGC 2258","","","","G","11.87","3.02","Cam"
"2","NGC2983","NGC 2983","","","","G","11.87","2.37","Hya"
"2","NGC3346","NGC 3346","","","","G","11.87","2.64","Leo"
"2","NGC3885","NGC 3885","","","","G","11.87","2.74","Hya"
"2","NGC4102","NGC 4102","","","","G","11.87","2.94","UMa"
"2","NGC4580","NGC 4580","","","","G","11.87","1.87","Vir"
"2","NGC5326","NGC 5326","","","","G","11.87","2.18","CVn"
"2","IC4931","IC 4931","","","","G","11.88","2.28","Sgr"
"2","NGC1272","NGC 1272","","","","G","11.88","2.55","Per"
"2","NGC2648","NGC 2648","","","","G","11.88","3.15","Cnc"
"2","NGC2962","NGC 2962","","","","G","11.88","2.31","Hya"
"2","NGC3158","NGC 3158","","","","G","11.88","2.32","LMi"
"2","NGC4592","NGC 4592","","","","G","11.88","4.1","Vir"
"2","NGC5448","NGC 5448","","","","G","11.88","3.77","UMa"
"2","NGC6438A","NGC 6438A","","","","G","11.88","3.44","Oct"
"2","NGC7456","NGC 7456","","","","G","11.88","5.15","Gru"
"2","NGC0949","NGC 949","","","","G","11.89","3.1","Tri"
"2","NGC1161","NGC 1161","","","","G","11.89","2.69","Per"
"2","NGC2732","NGC 2732","","","","G","11.89","1.81","Cam"
"2","NGC2750","NGC 2750","","","","G","11.89","2.03","Cnc"
"2","NGC3402","NGC 3402","","","","G","11.89","1.85","Hya"
"2","NGC5333","NGC 5333","","","","G","11.89","2.18","Cen"
"2","NGC5786","NGC 5786","","","","G","11.89","2.4","Cen"
"2","NGC5908","NGC 5908","","","","G","11.89","3.37","Dra"
"2","NGC6962","NGC 6962","","","","G","11.89","2.7","Aqr"
"2","NGC7232","NGC 7232","","","","G","11.89","2.86","Gru"
"2","IC0351","IC 351","","","","PN","11.9","0.12","Per"
"2","IC0421","IC 421","","","","G","11.9","2.96","Ori"
"2","IC1993","IC 1993","","","","G","11.9","2.81","For"
"2","IC4846","IC 4846","","","","PN","11.9","0.03","Aql"
"2","NGC0680","NGC 680","","","","G","11.9","1.69","Ari"
"2","NGC2523","NGC 2523","","","","G","11.9","2.79","Cam"
"2","NGC4452","NGC 4452","","","","G","11.9","3.36","Vir"
"2","NGC4606","NGC 4606","","","","G","11.9","2.47","Vir"
"2","NGC5740","NGC 5740","","","","G","11.9","2.7","Vir"
"2","NGC6751","NGC 6751","","","","PN","11.9","0.34","Aql"
"2","NGC7168","NGC 7168","","","","G","11.9","2.23","Ind"
"2","NGC1366","NGC 1366","","","","G","11.91","2.05","For"
"2","NGC4939","NGC 4939","","","","G","11.91","5.71","Vir"
"2","NGC5529","NGC 5529","","","","G","11.91","5.79","Boo"
"2","NGC5660","NGC 5660","","","","G","11.91","2.64","Boo"
"2","NGC5665","NGC 5665","","","","G","11.91","1.88","Boo"
"2","NGC6166","NGC 6166","","","","G","11.91","2.14","Her"
"2","NGC7218","NGC 7218","","","","G","11.91","2.55","Aqr"
"2","IC4946","IC 4946","","","","G","11.92","2.5","Sgr"
"2","NGC1265","NGC 1265","","","","G","11.92","1.9","Per"
"2","NGC1888","NGC 1888","","","","G","11.92","3.32","Lep"
"2","NGC2517","NGC 2517","","","","G","11.92","1.74","Pup"
"2","NGC3681","NGC 3681","","","","G","11.92","1.74","Leo"
"2","NGC4532","NGC 4532","","","","G","11.92","2.49","Vir"
"2","NGC5153","NGC 5153","","","","G","11.92","2.44","Hya"
"2","NGC5292","NGC 5292","","","","G","11.92","2.29","Cen"
"2","NGC7095","NGC 7095","","","","G","11.92","2.71","Oct"
"2","IC5186","IC 5186","","","","G","11.93","2.11","Gru"
"2","NGC0255","NGC 255","","","","G","11.93","2.04","Cet"
"2","NGC3691","NGC 3691","","","","G","11.93","1.49","Leo"
"2","NGC4454","NGC 4454","","","","G","11.93","2.17","Vir"
"2","NGC5833","NGC 5833","","","","G","11.93","3.1","Aps"
"2","NGC2272","NGC 2272","","","","G","11.94","2.19","CMa"
"2","NGC2320","NGC 2320","","","","G","11.94","1.48","Lyn"
"2","NGC3044","NGC 3044","","","","G","11.94","4.2","Sex"
"2","NGC3147","NGC 3147","","","","G","11.94","4.11","Dra"
"2","NGC4233","NGC 4233","","","","G","11.94","2.34","Vir"
"2","NGC5532","NGC 5532","","","","G","11.94","2.34","Boo"
"2","NGC6492","NGC 6492","","","","G","11.94","2.38","Pav"
"2","NGC6861D","NGC 6861D","","","","G","11.94","2.36","Tel"
"2","NGC6870","NGC 6870","","","","G","11.94","2.56","Tel"
"2","NGC1494","NGC 1494","","","","G","11.95","3.51","Hor"
"2","NGC2836","NGC 2836","","","","G","11.95","1.66","Car"
"2","NGC3281","NGC 3281","","","","G","11.95","3.1","Ant"
"2","NGC4223","NGC 4223","","","","G","11.95","2.02","Vir"
"2","NGC4425","NGC 4425","","","","G","11.95","3.08","Vir"
"2","NGC4430","NGC 4430","","","","G","11.95","2.02","Vir"
"2","NGC7007","NGC 7007","","","","G","11.95","3.39","Ind"
"2","NGC7600","NGC 7600","","","","G","11.95","2.09","Aqr"
"2","IC0983","IC 983","","","","G","11.96","2.32","Boo"
"2","IC1953","IC 1953","","","","G","11.96","2.26","Eri"
"2","NGC0955","NGC 955","","","","G","11.96","2.72","Cet"
"2","NGC2502","NGC 2502","","","","G","11.96","2.21","Car"
"2","NGC2591","NGC 2591","","","","G","11.96","2.95","Cam"
"2","NGC2708","NGC 2708","","","","G","11.96","2.93","Hya"
"2","NGC3098","NGC 3098","","","","G","11.96","2.33","Leo"
"2","NGC4128","NGC 4128","","","","G","11.96","2.21","Dra"
"2","NGC4215","NGC 4215","","","","G","11.96","1.69","Vir"
"2","NGC4880","NGC 4880","","","","G","11.96","2.63","Vir"
"2","NGC4904","NGC 4904","","","","G","11.96","1.99","Vir"
"2","NGC5172","NGC 5172","","","","G","11.96","2.38","Com"
"2","NGC5670","NGC 5670","","","","G","11.96","2.59","Lup"
"2","NGC6012","NGC 6012","","","","G","11.96","1.77","Se1"
"2","NGC6483","NGC 6483","","","","G","11.96","1.83","Pav"
"2","NGC6574","NGC 6574","","","","G","11.96","1.57","Her"
"2","NGC7167","NGC 7167","","","","G","11.96","1.83","Aqr"
"2","IC2533","IC 2533","","","","G","11.97","2.04","Ant"
"2","IC4845","IC 4845","","","","G","11.97","1.95","Pav"
"2","NGC0674","NGC 674","","","","G","11.97","3.81","Ari"
"2","NGC0812","NGC 812","","","","G","11.97","2.74","And"
"2","NGC1090","NGC 1090","","","","G","11.97","3.31","Cet"
"2","NGC1305","NGC 1305","","","","G","11.97","1.33","Eri"
"2","NGC1653","NGC 1653","","","","G","11.97","1.79","Eri"
"2","NGC2397","NGC 2397","","","","G","11.97","2.51","Vol"
"2","NGC2634","NGC 2634","","","","G","11.97","1.72","Cam"
"2","NGC2845","NGC 2845","","","","G","11.97","1.87","Vel"
"2","NGC3183","NGC 3183","","","","G","11.97","2.22","Dra"
"2","NGC4235","NGC 4235","","","","G","11.97","4.41","Vir"
"2","NGC4528","NGC 4528","","","","G","11.97","1.6","Vir"
"2","NGC6487","NGC 6487","","","","G","11.97","1.8","Her"
"2","NGC6920","NGC 6920","","","","G","11.97","2.3","Oct"
"2","NGC6942","NGC 6942","","","","G","11.97","2.24","Ind"
"2","NGC7096","NGC 7096","","","","G","11.97","2.1","Ind"
"2","NGC0023","NGC 23","","","","G","11.98","1.55","Peg"
"2","NGC3285","NGC 3285","","","","G","11.98","2.97","Hya"
"2","NGC3448","NGC 3448","","","","G","11.98","2.97","UMa"
"2","NGC4256","NGC 4256","","","","G","11.98","3.87","Dra"
"2","NGC4551","NGC 4551","","","","G","11.98","1.71","Vir"
"2","NGC5264","NGC 5264","","","","G","11.98","2.97","Hya"
"2","NGC5389","NGC 5389","","","","G","11.98","3.27","UMa"
"2","NGC6156","NGC 6156","","","","G","11.98","1.87","TrA"
"2","NGC6782","NGC 6782","","","","G","11.98","2.45","Pav"
"2","NGC7173","NGC 7173","","","","G","11.98","1.88","PsA"
"2","NGC3666","NGC 3666","","","","G","11.99","3.44","Leo"
"2","NGC4492","NGC 4492","","","","G","11.99","2.11","Vir"
"2","NGC5516","NGC 5516","","","","G","11.99","2.39","Cen"
"2","NGC6395","NGC 6395","","","","G","11.99","2.25","Dra"
"2","NGC6909","NGC 6909","","","","G","11.99","2.36","Tel"
"2","NGC7421","NGC 7421","","","","G","11.99","2.38","Gru"
"2","IC1747","IC 1747","","","","PN","12","0.22","Cas"
"2","IC2145","IC 2145","","","","EN","12","0.19","Dor"
"2","IC2522","IC 2522","","","","G","12","2.3","Ant"
"2","IC2627","IC 2627","","","","G","12","2.4","Crt"
"2","IC4710","IC 4710","","","","G","12","3.49","Pav"
"2","NGC0016","NGC 16","","","","G","12","1.74","Peg"
"2","NGC0676","NGC 676","","","","G","12","2.75","Psc"
"2","NGC0922","NGC 922","","","","G","12","2.1","For"
"2","NGC1179","NGC 1179","","","","G","12","3.67","Eri"
"2","NGC1941","NGC 1941","","","","CN","12","0.9","Dor"
"2","NGC1985","NGC 1985","","","","RN","12","0.68","Aur"
"2","NGC2086","NGC 2086","","","","EN","12","0.85","Dor"
"2","NGC2452","NGC 2452","","","","PN","12","0.32","Pup"
"2","NGC3145","NGC 3145","","","","G","12","2.87","Hya"
"2","NGC4519","NGC 4519","","","","G","12","2.33","Vir"
"2","NGC4915","NGC 4915","","","","G","12","1.64","Vir"
"2","NGC6125","NGC 6125","","","","G","12","1.38","Dra"
"2","NGC6804","NGC 6804","","","","PN","12","0.58","Aql"
"2","NGC6807","NGC 6807","","","","PN","12","0.03","Aql"
"2","NGC6935","NGC 6935","","","","G","12","2.18","Ind"
"2","NGC1914","NGC 1914","","","","CN","12.01","1.5","Men"
"2","NGC3599","NGC 3599","","","","G","12.01","2.4","Leo"
"2","NGC3963","NGC 3963","","","","G","12.01","2.52","UMa"
"2","NGC4094","NGC 4094","","","","G","12.01","4.4","Crv"
"2","NGC4307","NGC 4307","","","","G","12.01","3.44","Vir"
"2","NGC5357","NGC 5357","","","","G","12.01","2.18","Cen"
"2","NGC6923","NGC 6923","","","","G","12.01","2.54","Mic"
"2","NGC7196","NGC 7196","","","","G","12.01","2.76","Ind"
"2","IC4704","IC 4704","","","","G","12.02","2.7","Pav"
"2","NGC0357","NGC 357","","","","G","12.02","2.11","Cet"
"2","NGC0783","NGC 783","","","","G","12.02","1.38","Tri"
"2","NGC2554","NGC 2554","","","","G","12.02","2.04","Cnc"
"2","NGC2695","NGC 2695","","","","G","12.02","1.63","Hya"
"2","NGC3683A","NGC 3683A","","","","G","12.02","2.03","UMa"
"2","NGC4008","NGC 4008","","","","G","12.02","2.07","Leo"
"2","NGC4116","NGC 4116","","","","G","12.02","2.57","Vir"
"2","NGC4488","NGC 4488","","","","G","12.02","2.75","Vir"
"2","NGC5595","NGC 5595","","","","G","12.02","2.12","Lib"
"2","NGC5864","NGC 5864","","","","G","12.02","2.49","Vir"
"2","NGC7371","NGC 7371","","","","G","12.02","2.09","Aqr"
"2","NGC1723","NGC 1723","","","","G","12.03","3.03","Eri"
"2","NGC4550","NGC 4550","","","","G","12.03","3.16","Vir"
"2","NGC4648","NGC 4648","","","","G","12.03","1.41","Dra"
"2","NGC4771","NGC 4771","","","","G","12.03","3.1","Vir"
"2","NGC4814","NGC 4814","","","","G","12.03","2.75","UMa"
"2","NGC6875","NGC 6875","","","","G","12.03","2.15","Tel"
"2","NGC0434","NGC 434","","","","G","12.04","2.24","Tuc"
"2","NGC1954","NGC 1954","","","","G","12.04","3.62","Lep"
"2","NGC3389","NGC 3389","","","","G","12.04","2.68","Leo"
"2","NGC5064","NGC 5064","","","","G","12.04","2.7","Cen"
"2","NGC5188","NGC 5188","","","","G","12.04","3.41","Cen"
"2","NGC6721","NGC 6721","","","","G","12.04","1.9","Pav"
"2","IC1438","IC 1438","","","","G","12.05","2.33","Aqr"
"2","IC2367","IC 2367","","","","G","12.05","2.45","Pup"
"2","IC4386","IC 4386","","","","G","12.05","2.57","Cen"
"2","NGC4294","NGC 4294","","","","G","12.05","2.69","Vir"
"2","NGC4539","NGC 4539","","","","G","12.05","2.74","Com"
"2","NGC5468","NGC 5468","","","","G","12.05","2.28","Vir"
"2","NGC5490","NGC 5490","","","","G","12.05","1.66","Boo"
"2","NGC5949","NGC 5949","","","","G","12.05","1.84","Dra"
"2","NGC6788","NGC 6788","","","","G","12.05","3.2","Tel"
"2","NGC7391","NGC 7391","","","","G","12.05","1.49","Aqr"
"2","IC0466","IC 466","","","","EN","12.06","1","Mon"
"2","IC2552","IC 2552","","","","G","12.06","1.87","Ant"
"2","IC2560","IC 2560","","","","G","12.06","3.55","Ant"
"2","NGC1393","NGC 1393","","","","G","12.06","1.88","Eri"
"2","NGC2085","NGC 2085","","","","EN","12.06","0.95","Dor"
"2","NGC2493","NGC 2493","","","","G","12.06","1.87","Lyn"
"2","NGC3055","NGC 3055","","","","G","12.06","1.96","Sex"
"2","NGC3395","NGC 3395","","","","G","12.06","1.6","LMi"
"2","NGC3742","NGC 3742","","","","G","12.06","2.6","Cen"
"2","NGC4047","NGC 4047","","","","G","12.06","1.53","UMa"
"2","NGC4290","NGC 4290","","","","G","12.06","2.19","UMa"
"2","NGC4498","NGC 4498","","","","G","12.06","2.88","Com"
"2","NGC4789","NGC 4789","","","","G","12.06","1.66","Com"
"2","NGC4795","NGC 4795","","","","G","12.06","2.16","Vir"
"2","NGC6730","NGC 6730","","","","G","12.06","2.2","Pav"
"2","IC0438","IC 438","","","","G","12.07","2.8","Lep"
"2","NGC0782","NGC 782","","","","G","12.07","2.45","Eri"
"2","NGC2763","NGC 2763","","","","G","12.07","2.43","Hya"
"2","NGC4409","NGC 4409","","","","G","12.07","1.82","Vir"
"2","NGC5584","NGC 5584","","","","G","12.07","3.13","Vir"
"2","NGC6674","NGC 6674","","","","G","12.07","4.01","Her"
"2","NGC6776","NGC 6776","","","","G","12.07","2","Pav"
"2","IC1625","IC 1625","","","","G","12.08","1.8","Phe"
"2","IC4742","IC 4742","","","","G","12.08","2.11","Pav"
"2","IC4831","IC 4831","","","","G","12.08","3.67","Pav"
"2","NGC1417","NGC 1417","","","","G","12.08","2.52","Eri"
"2","NGC1550","NGC 1550","","","","G","12.08","1.73","Tau"
"2","NGC1620","NGC 1620","","","","G","12.08","3.48","Eri"
"2","NGC2307","NGC 2307","","","","G","12.08","1.85","Vol"
"2","NGC2344","NGC 2344","","","","G","12.08","2.07","Lyn"
"2","NGC2633","NGC 2633","","","","G","12.08","2.31","Cam"
"2","NGC2916","NGC 2916","","","","G","12.08","2.4","Leo"
"2","NGC4143","NGC 4143","","","","G","12.08","2.73","CVn"
"2","NGC5124","NGC 5124","","","","G","12.08","2.48","Cen"
"2","NGC5375","NGC 5375","","","","G","12.08","2.34","CVn"
"2","NGC5430","NGC 5430","","","","G","12.08","2.18","UMa"
"2","NGC5612","NGC 5612","","","","G","12.08","1.94","Aps"
"2","NGC6887","NGC 6887","","","","G","12.08","3.44","Tel"
"2","NGC7059","NGC 7059","","","","G","12.08","3.69","Pav"
"2","NGC0050","NGC 50","","","","G","12.09","2.04","Cet"
"2","NGC0450","NGC 450","","","","G","12.09","2.94","Cet"
"2","NGC3516","NGC 3516","","","","G","12.09","1.91","UMa"
"2","NGC4785","NGC 4785","","","","G","12.09","2.04","Cen"
"2","NGC4830","NGC 4830","","","","G","12.09","2.31","Vir"
"2","NGC5313","NGC 5313","","","","G","12.09","1.81","CVn"
"2","IC4732","IC 4732","","","","PN","12.1","0.07","Sgr"
"2","NGC0217","NGC 217","","","","G","12.1","3.2","Cet"
"2","NGC0467","NGC 467","","","","G","12.1","1.66","Psc"
"2","NGC1310","NGC 1310","","","","G","12.1","2.11","For"
"2","NGC1779","NGC 1779","","","","G","12.1","2.67","Eri"
"2","NGC3200","NGC 3200","","","","G","12.1","4.07","Hya"
"2","NGC3630","NGC 3630","","","","G","12.1","1.92","Leo"
"2","NGC3888","NGC 3888","","","","G","12.1","1.61","UMa"
"2","NGC4750","NGC 4750","","","","G","12.1","2.4","Dra"
"2","NGC6389","NGC 6389","","","","G","12.1","1.2","Her"
"2","NGC6833","NGC 6833","","","","PN","12.1","0.03","Cyg"
"2","NGC7048","NGC 7048","","","","PN","12.1","1.02","Cyg"
"2","NGC2551","NGC 2551","","","","G","12.11","1.57","Cam"
"2","NGC2848","NGC 2848","","","","G","12.11","2.69","Hya"
"2","NGC4839","NGC 4839","","","","G","12.11","2.7","Com"
"2","NGC5129","NGC 5129","","","","G","12.11","1.65","Vir"
"2","NGC7064","NGC 7064","","","","G","12.11","3.74","Ind"
"2","NGC7771","NGC 7771","","","","G","12.11","2.51","Peg"
"2","NGC7817","NGC 7817","","","","G","12.11","3.29","Peg"
"2","IC3253","IC 3253","","","","G","12.12","3.02","Cen"
"2","NGC0945","NGC 945","","","","G","12.12","2.06","Cet"
"2","NGC3329","NGC 3329","","","","G","12.12","1.91","Dra"
"2","NGC3659","NGC 3659","","","","G","12.12","1.96","Leo"
"2","NGC4434","NGC 4434","","","","G","12.12","1.42","Vir"
"2","NGC4458","NGC 4458","","","","G","12.12","1.59","Vir"
"2","NGC5963","NGC 5963","","","","G","12.12","3.14","Dra"
"2","NGC6701","NGC 6701","","","","G","12.12","1.42","Dra"
"2","NGC6849","NGC 6849","","","","G","12.12","2.15","Sgr"
"2","NGC0194","NGC 194","","","","G","12.13","1.73","Psc"
"2","NGC0529","NGC 529","","","","G","12.13","2.22","And"
"2","NGC1292","NGC 1292","","","","G","12.13","2.93","For"
"2","NGC1531","NGC 1531","","","","G","12.13","1.5","Eri"
"2","NGC2314","NGC 2314","","","","G","12.13","1.32","Cam"
"2","NGC3067","NGC 3067","","","","G","12.13","2.06","Leo"
"2","NGC3203","NGC 3203","","","","G","12.13","3.16","Hya"
"2","NGC3287","NGC 3287","","","","G","12.13","1.78","Leo"
"2","NGC4387","NGC 4387","","","","G","12.13","1.58","Vir"
"2","NGC5147","NGC 5147","","","","G","12.13","1.47","Vir"
"2","NGC7155","NGC 7155","","","","G","12.13","2.15","Ind"
"2","NGC7252","NGC 7252","","","","G","12.13","1.85","Aqr"
"2","NGC7285","NGC 7285","","","","G","12.13","2.68","Aqr"
"2","NGC7385","NGC 7385","","","","G","12.13","1.93","Peg"
"2","NGC0383","NGC 383","","","","G","12.14","2.39","Psc"
"2","NGC0665","NGC 665","","","","G","12.14","1.62","Psc"
"2","NGC0701","NGC 701","","","","G","12.14","2.24","Cet"
"2","NGC0731","NGC 731","","","","G","12.14","1.7","Cet"
"2","NGC0736","NGC 736","","","","G","12.14","1.83","Tri"
"2","NGC1482","NGC 1482","","","","G","12.14","2.46","Eri"
"2","NGC3549","NGC 3549","","","","G","12.14","2.64","UMa"
"2","NGC4104","NGC 4104","","","","G","12.14","2.5","Com"
"2","NGC5037","NGC 5037","","","","G","12.14","2.02","Vir"
"2","NGC6173","NGC 6173","","","","G","12.14","2.03","Her"
"2","NGC6739","NGC 6739","","","","G","12.14","2.65","Pav"
"2","NGC7038","NGC 7038","","","","G","12.14","3.22","Ind"
"2","NGC7678","NGC 7678","","","","G","12.14","2","Peg"
"2","NGC1376","NGC 1376","","","","G","12.15","1.86","Eri"
"2","NGC1667","NGC 1667","","","","G","12.15","1.89","Eri"
"2","NGC2227","NGC 2227","","","","G","12.15","2.27","CMa"
"2","NGC3124","NGC 3124","","","","G","12.15","2.7","Hya"
"2","NGC3263","NGC 3263","","","","G","12.15","7.83","Vel"
"2","NGC3614","NGC 3614","","","","G","12.15","2.5","UMa"
"2","NGC4955","NGC 4955","","","","G","12.15","2.34","Hya"
"2","NGC5351","NGC 5351","","","","G","12.15","2.43","CVn"
"2","NGC6305","NGC 6305","","","","G","12.15","1.69","Ara"
"2","NGC6632","NGC 6632","","","","G","12.15","2.4","Her"
"2","NGC7174","NGC 7174","","","","G","12.15","2.51","PsA"
"2","NGC7632","NGC 7632","","","","G","12.15","2.56","Gru"
"2","NGC7702","NGC 7702","","","","G","12.15","2.15","Phe"
"2","IC5156","IC 5156","","","","G","12.16","2.28","PsA"
"2","NGC0148","NGC 148","","","","G","12.16","1.98","Scl"
"2","NGC0227","NGC 227","","","","G","12.16","1.91","Cet"
"2","NGC3370","NGC 3370","","","","G","12.16","2.44","Leo"
"2","NGC3564","NGC 3564","","","","G","12.16","1.95","Cen"
"2","NGC3658","NGC 3658","","","","G","12.16","1.72","UMa"
"2","NGC5254","NGC 5254","","","","G","12.16","3.35","Vir"
"2","NGC5273","NGC 5273","","","","G","12.16","2.31","CVn"
"2","NGC5426","NGC 5426","","","","G","12.16","3.06","Vir"
"2","NGC7221","NGC 7221","","","","G","12.16","2.29","PsA"
"2","NGC0309","NGC 309","","","","G","12.17","2.23","Cet"
"2","NGC0641","NGC 641","","","","G","12.17","1.82","Phe"
"2","NGC1288","NGC 1288","","","","G","12.17","2.32","For"
"2","NGC2048","NGC 2048","","","","EN","12.17","1.4","Dor"
"2","NGC2263","NGC 2263","","","","G","12.17","2.86","CMa"
"2","NGC4206","NGC 4206","","","","G","12.17","4.69","Vir"
"2","NGC4597","NGC 4597","","","","G","12.17","3.55","Vir"
"2","NGC5112","NGC 5112","","","","G","12.17","2.99","CVn"
"2","NGC5673","NGC 5673","","","","G","12.17","2.33","Boo"
"2","NGC5892","NGC 5892","","","","G","12.17","3.05","Lib"
"2","NGC7280","NGC 7280","","","","G","12.17","2.01","Peg"
"2","IC4729","IC 4729","","","","G","12.18","1.31","Pav"
"2","IC5270","IC 5270","","","","G","12.18","3.29","PsA"
"2","NGC0958","NGC 958","","","","G","12.18","2.51","Cet"
"2","NGC1070","NGC 1070","","","","G","12.18","2.34","Cet"
"2","NGC3504","NGC 3504","","","","G","12.18","2.48","LMi"
"2","NGC4037","NGC 4037","","","","G","12.18","2.38","Com"
"2","NGC4270","NGC 4270","","","","G","12.18","1.88","Vir"
"2","NGC4319","NGC 4319","","","","G","12.18","2.45","Dra"
"2","NGC4383","NGC 4383","","","","G","12.18","1.67","Com"
"2","NGC4483","NGC 4483","","","","G","12.18","1.65","Vir"
"2","NGC4485","NGC 4485","","","","G","12.18","2.01","CVn"
"2","NGC5324","NGC 5324","","","","G","12.18","2.22","Vir"
"2","NGC5480","NGC 5480","","","","G","12.18","1.67","UMa"
"2","NGC7302","NGC 7302","","","","G","12.18","1.73","Aqr"
"2","NGC7711","NGC 7711","","","","G","12.18","2.43","Peg"
"2","IC4453","IC 4453","","","","G","12.19","2.09","Hya"
"2","IC4712","IC 4712","","","","G","12.19","1.99","Pav"
"2","NGC0439","NGC 439","","","","G","12.19","3.38","Scl"
"2","NGC0541","NGC 541","","","","G","12.19","2.16","Cet"
"2","NGC1035","NGC 1035","","","","G","12.19","2.08","Cet"
"2","NGC1184","NGC 1184","","","","G","12.19","3.54","Cep"
"2","NGC2082","NGC 2082","","","","G","12.19","2.06","Dor"
"2","NGC2365","NGC 2365","","","","G","12.19","2.75","Gem"
"2","NGC2441","NGC 2441","","","","G","12.19","1.98","Cam"
"2","NGC2712","NGC 2712","","","","G","12.19","2.93","Lyn"
"2","NGC2716","NGC 2716","","","","G","12.19","1.63","Hya"
"2","NGC3381","NGC 3381","","","","G","12.19","2.02","LMi"
"2","NGC3437","NGC 3437","","","","G","12.19","2.35","Leo"
"2","NGC3642","NGC 3642","","","","G","12.19","4.27","UMa"
"2","NGC4204","NGC 4204","","","","G","12.19","4.06","Com"
"2","NGC5629","NGC 5629","","","","G","12.19","1.71","Boo"
"2","NGC5839","NGC 5839","","","","G","12.19","1.44","Vir"
"2","NGC5869","NGC 5869","","","","G","12.19","2.17","Vir"
"2","NGC7135","NGC 7135","","","","G","12.19","2.6","PsA"
"2","NGC0661","NGC 661","","","","G","12.2","1.91","Tri"
"2","NGC1979","NGC 1979","","","","G","12.2","1.88","Lep"
"2","NGC2185","NGC 2185","","","","EN","12.2","2","Mon"
"2","NGC2599","NGC 2599","","","","G","12.2","1.56","Cnc"
"2","NGC3185","NGC 3185","","","","G","12.2","2.15","Leo"
"2","NGC3562","NGC 3562","","","","G","12.2","1.69","Dra"
"2","NGC4169","NGC 4169","","","","G","12.2","1.64","Com"
"2","NGC4250","NGC 4250","","","","G","12.2","1.87","Dra"
"2","NGC4373A","NGC 4373A","","","","G","12.2","2.8","Cen"
"2","NGC4476","NGC 4476","","","","G","12.2","1.7","Vir"
"2","NGC4553","NGC 4553","","","","G","12.2","2.59","Cen"
"2","NGC4947","NGC 4947","","","","G","12.2","2.65","Cen"
"2","NGC5967","NGC 5967","","","","G","12.2","2.37","Aps"
"2","NGC6106","NGC 6106","","","","G","12.2","2.19","Her"
"2","NGC6903","NGC 6903","","","","G","12.2","2.24","Cap"
"2","NGC7042","NGC 7042","","","","G","12.2","1.78","Peg"
"2","NGC7354","NGC 7354","","","","PN","12.2","0.38","Cep"
"2","NGC7625","NGC 7625","","","","G","12.2","1.48","Peg"
"2","IC1812","IC 1812","","","","G","12.21","2.08","Eri"
"2","IC2158","IC 2158","","","","G","12.21","1.36","Col"
"2","NGC0214","NGC 214","","","","G","12.21","1.87","And"
"2","NGC0532","NGC 532","","","","G","12.21","2.18","Psc"
"2","NGC1650","NGC 1650","","","","G","12.21","2.4","Eri"
"2","NGC2612","NGC 2612","","","","G","12.21","2.6","Hya"
"2","NGC2770","NGC 2770","","","","G","12.21","3.45","Lyn"
"2","NGC3224","NGC 3224","","","","G","12.21","1.72","Ant"
"2","NGC4292","NGC 4292","","","","G","12.21","1.6","Vir"
"2","NGC4700","NGC 4700","","","","G","12.21","2.72","Vir"
"2","NGC6699","NGC 6699","","","","G","12.21","1.74","Pav"
"2","NGC7764","NGC 7764","","","","G","12.21","1.95","Phe"
"2","IC2531","IC 2531","","","","G","12.22","6.55","Ant"
"2","IC2537","IC 2537","","","","G","12.22","2.61","Ant"
"2","IC3010","IC 3010","","","","G","12.22","2.09","Hya"
"2","NGC1107","NGC 1107","","","","G","12.22","1.88","Cet"
"2","NGC2253","NGC 2253","","","","G","12.22","1.43","Cam"
"2","NGC3595","NGC 3595","","","","G","12.22","1.51","UMa"
"2","NGC3604","NGC 3604","","","","G","12.22","1.4","Leo"
"2","NGC4688","NGC 4688","","","","G","12.22","3.72","Vir"
"2","NGC4727","NGC 4727","","","","G","12.22","2.7","Crv"
"2","NGC4756","NGC 4756","","","","G","12.22","2.28","Crv"
"2","NGC5653","NGC 5653","","","","G","12.22","1.6","Boo"
"2","NGC5966","NGC 5966","","","","G","12.22","1.53","Boo"
"2","NGC6754","NGC 6754","","","","G","12.22","2.02","Tel"
"2","NGC7124","NGC 7124","","","","G","12.22","2.56","Ind"
"2","NGC7265","NGC 7265","","","","G","12.22","2.48","Lac"
"2","IC4806","IC 4806","","","","G","12.23","2.4","Pav"
"2","NGC0484","NGC 484","","","","G","12.23","1.8","Tuc"
"2","NGC0678","NGC 678","","","","G","12.23","3.08","Ari"
"2","NGC1122","NGC 1122","","","","G","12.23","1.35","Per"
"2","NGC2206","NGC 2206","","","","G","12.23","2.45","CMa"
"2","NGC2810","NGC 2810","","","","G","12.23","1.69","UMa"
"2","NGC3390","NGC 3390","","","","G","12.23","3.11","Hya"
"2","NGC4522","NGC 4522","","","","G","12.23","3.51","Vir"
"2","NGC5968","NGC 5968","","","","G","12.23","2.29","Lup"
"2","NGC6869","NGC 6869","","","","G","12.23","1.44","Dra"
"2","NGC6877","NGC 6877","","","","G","12.23","2.38","Pav"
"2","NGC7267","NGC 7267","","","","G","12.23","1.73","PsA"
"2","IC2977","IC 2977","","","","G","12.24","2.14","Cen"
"2","IC5269","IC 5269","","","","G","12.24","1.84","PsA"
"2","NGC0828","NGC 828","","","","G","12.24","2.85","And"
"2","NGC1638","NGC 1638","","","","G","12.24","2.08","Eri"
"2","NGC2089","NGC 2089","","","","G","12.24","2.2","Lep"
"2","NGC3485","NGC 3485","","","","G","12.24","2.17","Leo"
"2","NGC3629","NGC 3629","","","","G","12.24","1.77","Leo"
"2","NGC3692","NGC 3692","","","","G","12.24","3.22","Leo"
"2","NGC3957","NGC 3957","","","","G","12.24","3.24","Crt"
"2","NGC4405","NGC 4405","","","","G","12.24","1.52","Com"
"2","NGC4517A","NGC 4517A","","","","G","12.24","2.05","Vir"
"2","NGC4595","NGC 4595","","","","G","12.24","1.52","Com"
"2","NGC5062","NGC 5062","","","","G","12.24","2.69","Cen"
"2","NGC5339","NGC 5339","","","","G","12.24","1.82","Vir"
"2","NGC5774","NGC 5774","","","","G","12.24","1.7","Vir"
"2","NGC5820","NGC 5820","","","","G","12.24","1.66","Boo"
"2","NGC6702","NGC 6702","","","","G","12.24","1.64","Lyr"
"2","NGC7172","NGC 7172","","","","G","12.24","2.75","PsA"
"2","NGC7183","NGC 7183","","","","G","12.24","3.89","Aqr"
"2","NGC7339","NGC 7339","","","","G","12.24","3.21","Peg"
"2","NGC7782","NGC 7782","","","","G","12.24","2.43","Psc"
"2","IC1392","IC 1392","","","","G","12.25","1.53","Cyg"
"2","NGC0171","NGC 171","","","","G","12.25","2.06","Cet"
"2","NGC0910","NGC 910","","","","G","12.25","1.79","And"
"2","NGC2283","NGC 2283","","","","G","12.25","2.76","CMa"
"2","NGC2552","NGC 2552","","","","G","12.25","2.99","Lyn"
"2","NGC2608","NGC 2608","","","","G","12.25","1.95","Cnc"
"2","NGC3182","NGC 3182","","","","G","12.25","1.92","UMa"
"2","NGC4407","NGC 4407","","","","G","12.25","2.08","Vir"
"2","NGC4868","NGC 4868","","","","G","12.25","1.43","CVn"
"2","NGC5957","NGC 5957","","","","G","12.25","2.44","Se1"
"2","NGC7716","NGC 7716","","","","G","12.25","1.83","Psc"
"2","IC2764","IC 2764","","","","G","12.26","2.2","Hya"
"2","NGC0991","NGC 991","","","","G","12.26","1.48","Cet"
"2","NGC2369","NGC 2369","","","","G","12.26","3.03","Car"
"2","NGC2629","NGC 2629","","","","G","12.26","1.97","UMa"
"2","NGC2921","NGC 2921","","","","G","12.26","2.86","Hya"
"2","NGC3269","NGC 3269","","","","G","12.26","2.51","Ant"
"2","NGC3320","NGC 3320","","","","G","12.26","1.95","UMa"
"2","NGC3801","NGC 3801","","","","G","12.26","2.31","Leo"
"2","NGC4659","NGC 4659","","","","G","12.26","1.75","Com"
"2","NGC5832","NGC 5832","","","","G","12.26","1.86","UMi"
"2","NGC6223","NGC 6223","","","","G","12.26","3.16","Dra"
"2","NGC0499","NGC 499","","","","G","12.27","1.68","Psc"
"2","NGC0677","NGC 677","","","","G","12.27","1.81","Ari"
"2","NGC3683","NGC 3683","","","","G","12.27","1.74","UMa"
"2","NGC4512","NGC 4512","","","","G","12.27","2.57","Dra"
"2","NGC4832","NGC 4832","","","","G","12.27","2.14","Cen"
"2","NGC5669","NGC 5669","","","","G","12.27","2.57","Boo"
"2","NGC6392","NGC 6392","","","","G","12.27","1.94","Aps"
"2","IC0630","IC 630","","","","G","12.28","2.12","Sex"
"2","IC0749","IC 749","","","","G","12.28","2.13","UMa"
"2","IC4430","IC 4430","","","","G","12.28","2.47","Cen"
"2","IC4955","IC 4955","","","","EN","12.28","2.09","Vul"
"2","NGC2417","NGC 2417","","","","G","12.28","2.48","Car"
"2","NGC3449","NGC 3449","","","","G","12.28","3.66","Ant"
"2","NGC3600","NGC 3600","","","","G","12.28","1.87","UMa"
"2","NGC4348","NGC 4348","","","","G","12.28","2.67","Vir"
"2","NGC4525","NGC 4525","","","","G","12.28","2","Com"
"2","NGC5729","NGC 5729","","","","G","12.28","2.47","Lib"
"2","NGC5756","NGC 5756","","","","G","12.28","2.95","Lib"
"2","NGC5899","NGC 5899","","","","G","12.28","2.1","Boo"
"2","NGC6689","NGC 6689","","","","G","12.28","3.29","Dra"
"2","NGC7126","NGC 7126","","","","G","12.28","2.55","Ind"
"2","NGC7497","NGC 7497","","","","G","12.28","2.75","Peg"
"2","IC0335","IC 335","","","","G","12.29","2.62","For"
"2","IC3392","IC 3392","","","","G","12.29","2.6","Com"
"2","NGC0296","NGC 296","","","","G","12.29","2.23","Psc"
"2","NGC1012","NGC 1012","","","","G","12.29","2.1","Ari"
"2","NGC1401","NGC 1401","","","","G","12.29","2.45","Eri"
"2","NGC1892","NGC 1892","","","","G","12.29","3.37","Dor"
"2","NGC2030","NGC 2030","","","","EN","12.29","1.7","Dor"
"2","NGC2717","NGC 2717","","","","G","12.29","2.03","Pyx"
"2","NGC3070","NGC 3070","","","","G","12.29","1.55","Leo"
"2","NGC3241","NGC 3241","","","","G","12.29","2.29","Ant"
"2","NGC3512","NGC 3512","","","","G","12.29","1.59","LMi"
"2","NGC3854","NGC 3854","","","","G","12.29","1.87","Crt"
"2","NGC3936","NGC 3936","","","","G","12.29","4.55","Hya"
"2","NGC4183","NGC 4183","","","","G","12.29","4.29","CVn"
"2","NGC4193","NGC 4193","","","","G","12.29","2.23","Vir"
"2","NGC4343","NGC 4343","","","","G","12.29","1.92","Vir"
"2","NGC5023","NGC 5023","","","","G","12.29","6.22","CVn"
"2","NGC5380","NGC 5380","","","","G","12.29","2","CVn"
"2","NGC5546","NGC 5546","","","","G","12.29","1.57","Boo"
"2","NGC6407","NGC 6407","","","","G","12.29","2.47","Pav"
"2","IC0529","IC 529","","","","G","12.3","3.21","Cam"
"2","IC4796","IC 4796","","","","G","12.3","1.95","Tel"
"2","IC5020","IC 5020","","","","G","12.3","2.33","Mic"
"2","NGC0080","NGC 80","","","","G","12.3","1.82","And"
"2","NGC0193","NGC 193","","","","G","12.3","2.07","Psc"
"2","NGC0261","NGC 261","","","","EN","12.3","1.3","Tuc"
"2","NGC0669","NGC 669","","","","G","12.3","2.34","Tri"
"2","NGC1024","NGC 1024","","","","G","12.3","2.86","Ari"
"2","NGC1132","NGC 1132","","","","G","12.3","1.91","Eri"
"2","NGC1684","NGC 1684","","","","G","12.3","2.55","Ori"
"2","NGC1720","NGC 1720","","","","G","12.3","1.96","Eri"
"2","NGC1728","NGC 1728","","","","G","12.3","1.24","Eri"
"2","NGC1748","NGC 1748","","","","EN","12.3","0.9","Dor"
"2","NGC2191","NGC 2191","","","","G","12.3","1.77","Car"
"2","NGC2296","NGC 2296","","","","G","12.3","1.2","CMa"
"2","NGC3110","NGC 3110","","","","G","12.3","1.87","Sex"
"2","NGC3156","NGC 3156","","","","G","12.3","1.91","Sex"
"2","NGC3308","NGC 3308","","","","G","12.3","1.21","Hya"
"2","NGC3605","NGC 3605","","","","G","12.3","1.25","Leo"
"2","NGC4751","NGC 4751","","","","G","12.3","1.66","Cen"
"2","NGC5020","NGC 5020","","","","G","12.3","2.69","Vir"
"2","NGC6337","NGC 6337","","","","PN","12.3","0.85","Sco"
"2","NGC6778","NGC 6778","","","","PN","12.3","0.26","Aql"
"2","NGC6894","NGC 6894","","","","PN","12.3","0.67","Cyg"
"2","IC4367","IC 4367","","","","G","12.31","1.64","Cen"
"2","IC5092","IC 5092","","","","G","12.31","2.75","Pav"
"2","NGC1336","NGC 1336","","","","G","12.31","1.97","For"
"2","NGC2563","NGC 2563","","","","G","12.31","2.02","Cnc"
"2","NGC3336","NGC 3336","","","","G","12.31","1.97","Hya"
"2","NGC3497","NGC 3497","","","","G","12.31","2.58","Crt"
"2","NGC3674","NGC 3674","","","","G","12.31","1.59","UMa"
"2","NGC3689","NGC 3689","","","","G","12.31","1.48","Leo"
"2","NGC3800","NGC 3800","","","","G","12.31","1.67","Leo"
"2","NGC4133","NGC 4133","","","","G","12.31","1.66","Dra"
"2","NGC6269","NGC 6269","","","","G","12.31","1.84","Her"
"2","NGC7014","NGC 7014","","","","G","12.31","2.03","Ind"
"2","NGC7070","NGC 7070","","","","G","12.31","2.5","Gru"
"2","NGC7417","NGC 7417","","","","G","12.31","2.21","Tuc"
"2","NGC7690","NGC 7690","","","","G","12.31","2.16","Phe"
"2","IC4585","IC 4585","","","","G","12.32","1.58","TrA"
"2","NGC2857","NGC 2857","","","","G","12.32","1.89","UMa"
"2","NGC3244","NGC 3244","","","","G","12.32","2.18","Ant"
"2","NGC3403","NGC 3403","","","","G","12.32","2.78","Dra"
"2","NGC3838","NGC 3838","","","","G","12.32","1.43","UMa"
"2","NGC3972","NGC 3972","","","","G","12.32","3.67","UMa"
"2","NGC4283","NGC 4283","","","","G","12.32","1.23","Com"
"2","NGC4861","NGC 4861","","","","G","12.32","3.81","CVn"
"2","NGC5218","NGC 5218","","","","G","12.32","1.84","UMa"
"2","IC4646","IC 4646","","","","G","12.33","2.77","Ara"
"2","IC5131","IC 5131","","","","G","12.33","1.62","PsA"
"2","NGC0788","NGC 788","","","","G","12.33","1.74","Cet"
"2","NGC3573","NGC 3573","","","","G","12.33","2.55","Cen"
"2","NGC3811","NGC 3811","","","","G","12.33","2.03","UMa"
"2","NGC4634","NGC 4634","","","","G","12.33","2.47","Com"
"2","NGC4899","NGC 4899","","","","G","12.33","2.02","Vir"
"2","NGC5376","NGC 5376","","","","G","12.33","1.48","UMa"
"2","NGC5406","NGC 5406","","","","G","12.33","1.69","CVn"
"2","NGC7416","NGC 7416","","","","G","12.33","3.08","Aqr"
"2","IC0456","IC 456","","","","G","12.34","2.33","CMa"
"2","NGC0125","NGC 125","","","","G","12.34","1.4","Psc"
"2","NGC0684","NGC 684","","","","G","12.34","2.95","Tri"
"2","NGC1809","NGC 1809","","","","G","12.34","3.74","Dor"
"2","NGC4017","NGC 4017","","","","G","12.34","1.57","Com"
"2","NGC4630","NGC 4630","","","","G","12.34","1.66","Vir"
"2","NGC6068","NGC 6068","","","","G","12.34","1.29","UMi"
"2","NGC7070A","NGC 7070A","","","","G","12.34","2.21","Gru"
"2","NGC7590","NGC 7590","","","","G","12.34","3.03","Gru"
"2","NGC7768","NGC 7768","","","","G","12.34","1.48","Peg"
"2","IC2587","IC 2587","","","","G","12.35","1.98","Ant"
"2","IC4933","IC 4933","","","","G","12.35","2.08","Tel"
"2","NGC0245","NGC 245","","","","G","12.35","1.2","Cet"
"2","NGC1056","NGC 1056","","","","G","12.35","1.88","Ari"
"2","NGC1211","NGC 1211","","","","G","12.35","1.49","Cet"
"2","NGC1359","NGC 1359","","","","G","12.35","1.46","Eri"
"2","NGC2179","NGC 2179","","","","G","12.35","1.99","Lep"
"2","NGC3458","NGC 3458","","","","G","12.35","1.38","UMa"
"2","NGC4108","NGC 4108","","","","G","12.35","1.63","Dra"
"2","NGC4946","NGC 4946","","","","G","12.35","2","Cen"
"2","NGC5560","NGC 5560","","","","G","12.35","3.45","Vir"
"2","NGC6854","NGC 6854","","","","G","12.35","2.28","Tel"
"2","NGC7171","NGC 7171","","","","G","12.35","2.37","Aqr"
"2","NGC7361","NGC 7361","","","","G","12.35","3.14","PsA"
"2","NGC7798","NGC 7798","","","","G","12.35","1.45","Peg"
"2","NGC2701","NGC 2701","","","","G","12.36","1.94","UMa"
"2","NGC2782","NGC 2782","","","","G","12.36","3.25","Lyn"
"2","NGC3052","NGC 3052","","","","G","12.36","2.15","Hya"
"2","NGC3544","NGC 3544","","","","G","12.36","3.06","Crt"
"2","NGC3732","NGC 3732","","","","G","12.36","1.28","Crt"
"2","NGC4444","NGC 4444","","","","G","12.36","2.27","Cen"
"2","NGC4470","NGC 4470","","","","G","12.36","1.28","Vir"
"2","NGC4653","NGC 4653","","","","G","12.36","2.31","Vir"
"2","NGC4999","NGC 4999","","","","G","12.36","2.5","Vir"
"2","NGC6155","NGC 6155","","","","G","12.36","1.33","Her"
"2","NGC6660","NGC 6660","","","","G","12.36","1.95","Her"
"2","IC1788","IC 1788","","","","G","12.37","2.53","For"
"2","IC4421","IC 4421","","","","G","12.37","1.43","Cen"
"2","NGC0337A","NGC 337A","","","","G","12.37","2.63","Cet"
"2","NGC0536","NGC 536","","","","G","12.37","2.92","And"
"2","NGC0692","NGC 692","","","","G","12.37","1.95","Phe"
"2","NGC1343","NGC 1343","","","","G","12.37","2.38","Cas"
"2","NGC1485","NGC 1485","","","","G","12.37","2.23","Cam"
"2","NGC1930","NGC 1930","","","","G","12.37","1.97","Pic"
"2","NGC3177","NGC 3177","","","","G","12.37","1.44","Leo"
"2","NGC4085","NGC 4085","","","","G","12.37","2.22","UMa"
"2","NGC4701","NGC 4701","","","","G","12.37","1.74","Vir"
"2","NGC4779","NGC 4779","","","","G","12.37","1.86","Vir"
"2","IC0396","IC 396","","","","G","12.38","2.38","Cam"
"2","IC2000","IC 2000","","","","G","12.38","4.88","Hor"
"2","IC4538","IC 4538","","","","G","12.38","2.48","Lib"
"2","NGC4581","NGC 4581","","","","G","12.38","1.62","Vir"
"2","NGC4747","NGC 4747","","","","G","12.38","2.09","Com"
"2","NGC4877","NGC 4877","","","","G","12.38","2.36","Vir"
"2","NGC4956","NGC 4956","","","","G","12.38","1.56","CVn"
"2","NGC5691","NGC 5691","","","","G","12.38","1.86","Vir"
"2","NGC5937","NGC 5937","","","","G","12.38","1.89","Se1"
"2","NGC7002","NGC 7002","","","","G","12.38","2.1","Ind"
"2","NGC7080","NGC 7080","","","","G","12.38","1.63","Vul"
"2","NGC7137","NGC 7137","","","","G","12.38","1.84","Peg"
"2","IC2511","IC 2511","","","","G","12.39","4.22","Ant"
"2","NGC0312","NGC 312","","","","G","12.39","1.84","Phe"
"2","NGC1134","NGC 1134","","","","G","12.39","2.21","Ari"
"2","NGC1375","NGC 1375","","","","G","12.39","2.28","For"
"2","NGC1380A","NGC 1380A","","","","G","12.39","2.76","For"
"2","NGC1949","NGC 1949","","","","EN","12.39","0.95","Dor"
"2","NGC2543","NGC 2543","","","","G","12.39","2.43","Lyn"
"2","NGC2595","NGC 2595","","","","G","12.39","1.66","Cnc"
"2","NGC2798","NGC 2798","","","","G","12.39","2.43","Lyn"
"2","NGC2954","NGC 2954","","","","G","12.39","1.43","Leo"
"2","NGC3278","NGC 3278","","","","G","12.39","1.35","Ant"
"2","NGC3782","NGC 3782","","","","G","12.39","1.23","UMa"
"2","NGC4645A","NGC 4645A","","","","G","12.39","3.03","Cen"
"2","NGC5398","NGC 5398","","","","G","12.39","2.76","Cen"
"2","NGC5427","NGC 5427","","","","G","12.39","3.61","Vir"
"2","NGC5600","NGC 5600","","","","G","12.39","1.6","Boo"
"2","NGC6555","NGC 6555","","","","G","12.39","1.96","Her"
"2","IC4522","IC 4522","","","","G","12.4","3.02","Aps"
"2","NGC0198","NGC 198","","","","G","12.4","1.28","Psc"
"2","NGC0846","NGC 846","","","","G","12.4","1.92","And"
"2","NGC0899","NGC 899","","","","G","12.4","1.63","Cet"
"2","NGC1625","NGC 1625","","","","G","12.4","2.56","Eri"
"2","NGC1752","NGC 1752","","","","G","12.4","2.95","Eri"
"2","NGC3636","NGC 3636","","","","G","12.4","2.51","Crt"
"2","NGC4020","NGC 4020","","","","G","12.4","1.87","UMa"
"2","NGC4480","NGC 4480","","","","G","12.4","1.89","Vir"
"2","NGC5306","NGC 5306","","","","G","12.4","1.94","Vir"
"2","NGC5320","NGC 5320","","","","G","12.4","1.82","CVn"
"2","NGC6239","NGC 6239","","","","G","12.4","2.3","Her"
"2","NGC7162A","NGC 7162A","","","","G","12.4","2.39","Gru"
"2","IC1295","IC 1295","","","","PN","12.5","1.5","Sct"
"2","IC4637","IC 4637","","","","PN","12.5","0.31","Sco"
"2","IC4663","IC 4663","","","","PN","12.5","0.22","Sco"
"2","NGC5844","NGC 5844","","","","PN","12.5","0.88","TrA"
"2","NGC6879","NGC 6879","","","","PN","12.5","0.08","Sge"
"2","NGC1920","NGC 1920","","","","EN","12.54","1.2","Dor"
"2","NGC6439","NGC 6439","","","","PN","12.6","0.08","Sgr"
"2","NGC6852","NGC 6852","","","","PN","12.6","0.47","Aql"
"2","IC0063","IC 63","","","","EN","12.63","10","Cas"
"2","IC4642","IC 4642","","","","PN","12.7","0.28","Ara"
"2","NGC2610","NGC 2610","","","","PN","12.7","0.63","Hya"
"2","NGC6620","NGC 6620","","","","PN","12.7","0.13","Sgr"
"2","NGC6772","NGC 6772","","","","PN","12.7","1.07","Aql"
"2","NGC1814","NGC 1814","","","","CN","12.76","1.2","Dor"
"2","NGC1874","NGC 1874","","","","CN","12.81","1.4","Dor"
"2","NGC1880","NGC 1880","","","","EN","12.81","1.2","Dor"
"2","NGC6026","NGC 6026","","","","PN","12.9","0.67","Lup"
"2","NGC6058","NGC 6058","","","","PN","12.9","0.38","Her"
"2","NGC6578","NGC 6578","","","","PN","12.9","0.14","Sgr"
"2","NGC6765","NGC 6765","","","","PN","12.9","0.67","Lyr"
"2","NGC1895","NGC 1895","","","","EN","12.93","1.4","Dor"
"2","IC4673","IC 4673","","","","PN","13","0.25","Sgr"
"2","IC4699","IC 4699","","","","PN","13","0.08","Tel"
"2","NGC4071","NGC 4071","","","","PN","13","1.05","Mus"
"3","NGC5138","NGC 5138","","","","OC","5.33","4.2","Cen"
"3","NGC7686","NGC 7686","","","","OC","5.6","3.6","And"
"3","NGC7160","NGC 7160","","","","OC","6.1","4.2","Cep"
"3","NGC1545","NGC 1545","","","","OC","6.2","4.2","Per"
"3","NGC1444","NGC 1444","","","","OC","6.6","3.6","Per"
"3","NGC3572","NGC 3572","","","","OC","6.6","4.08","Car"
"3","NGC6169","NGC 6169","","","","OC","6.6","4.2","Nor"
"3","NGC2129","NGC 2129","","","","OC","6.7","3.9","Gem"
"3","NGC0225","NGC 225","","","","OC","7","4.2","Cas"
"3","NGC6235","NGC 6235","","","","GC","7.2","4.2","Oph"
"3","NGC2409","NGC 2409","","","","OC","7.3","0.11","Pup"
"3","NGC2483","NGC 2483","","","","OC","7.6","3.3","Pup"
"3","NGC5606","NGC 5606","","","","OC","7.7","3.6","Cen"
"3","NGC7234","NGC 7234","","","","OC","7.7","2.4","Cep"
"3","NGC2670","NGC 2670","","","","OC","7.8","4.2","Vel"
"3","NGC0659","NGC 659","","","","OC","7.9","4.2","Cas"
"3","NGC2489","NGC 2489","","","","OC","7.9","4.2","Pup"
"3","NGC5823","NGC 5823","","","","OC","7.9","3.9","Cir"
"3","NGC6830","NGC 6830","","","","OC","7.9","4.2","Vul"
"3","NGC7510","NGC 7510","","","","OC","7.9","3.9","Cep"
"3","NGC6647","NGC 6647","","","","OC","8","3.6","Sgr"
"3","NGC2180","NGC 2180","","","","OC","8.3","4.2","Ori"
"3","NGC2453","NGC 2453","","","","OC","8.3","3","Pup"
"3","NGC7062","NGC 7062","","","","OC","8.3","3.6","Cyg"
"3","NGC2055","NGC 2055","","","","OC","8.39","1.9","Dor"
"3","IC2157","IC 2157","","","","OC","8.4","2.7","Gem"
"3","NGC2383","NGC 2383","","","","OC","8.4","4.2","CMa"
"3","NGC6396","NGC 6396","","","","OC","8.5","3.3","Sco"
"3","NGC7790","NGC 7790","","","","OC","8.5","3.6","Cas"
"3","NGC4815","NGC 4815","","","","OC","8.6","3.9","Mus"
"3","NGC2186","NGC 2186","","","","OC","8.7","4.2","Ori"
"3","NGC0189","NGC 189","","","","OC","8.8","2.7","Cas"
"3","NGC2660","NGC 2660","","","","OC","8.8","3.6","Vel"
"3","NGC2004","NGC 2004","","","","GC","8.9","3","Dor"
"3","NGC2100","NGC 2100","","","","GC","8.9","2.5","Dor"
"3","NGC1850","NGC 1850","","","","GC","8.96","3","Dor"
"3","NGC1818","NGC 1818","","","","GC","9","3.1","Dor"
"3","NGC5999","NGC 5999","","","","OC","9","3.3","Nor"
"3","NGC6304","NGC 6304","","","","GC","9.03","3.6","Oph"
"3","IC1442","IC 1442","","","","OC","9.1","4.2","Lac"
"3","NGC0146","NGC 146","","","","OC","9.1","3.6","Cas"
"3","NGC2254","NGC 2254","","","","OC","9.1","4.2","Mon"
"3","NGC5168","NGC 5168","","","","OC","9.1","4.2","Cen"
"3","NGC7031","NGC 7031","","","","OC","9.1","3.9","Cyg"
"3","NGC6704","NGC 6704","","","","OC","9.2","3.3","Sct"
"3","NGC7245","NGC 7245","","","","OC","9.2","3.9","Lac"
"3","NGC2050","NGC 2050","","","","OC","9.25","3","Dor"
"3","NGC1747","NGC 1747","","","","OC","9.37","4.4","Dor"
"3","NGC0133","NGC 133","","","","OC","9.4","2.1","Cas"
"3","NGC1786","NGC 1786","","","","GC","9.4","2","Dor"
"3","NGC6683","NGC 6683","","","","OC","9.4","3","Sct"
"3","NGC7788","NGC 7788","","","","OC","9.4","2.4","Cas"
"3","NGC6522","NGC 6522","","","","GC","9.48","3.9","Sgr"
"3","NGC2266","NGC 2266","","","","OC","9.5","4.2","Gem"
"3","NGC0330","NGC 330","","","","OC","9.55","2.8","Tuc"
"3","NGC1496","NGC 1496","","","","OC","9.6","2.1","Per"
"3","NGC7226","NGC 7226","","","","OC","9.6","3","Cep"
"3","NGC6638","NGC 6638","","","","GC","9.68","4.2","Sgr"
"3","NGC2580","NGC 2580","","","","OC","9.7","3","Pup"
"3","NGC3105","NGC 3105","","","","OC","9.7","4.08","Vel"
"3","NGC7067","NGC 7067","","","","OC","9.7","2.4","Cyg"
"3","NGC7128","NGC 7128","","","","OC","9.7","3","Cyg"
"3","NGC7295","NGC 7295","","","","OC","9.7","2.7","Lac"
"3","NGC1848","NGC 1848","","","","OC","9.73","2.2","Men"
"3","NGC0103","NGC 103","","","","OC","9.8","2.7","Cas"
"3","NGC5715","NGC 5715","","","","OC","9.8","3.6","Cir"
"3","NGC1755","NGC 1755","","","","GC","9.85","2.2","Dor"
"3","NGC6535","NGC 6535","","","","GC","9.85","3.6","Se2"
"3","NGC2972","NGC 2972","","","","OC","9.9","3.6","Vel"
"3","NGC1761","NGC 1761","","","","OC","9.94","4.2","Dor"
"3","NGC1984","NGC 1984","","","","OC","9.99","1.5","Dor"
"3","NGC6583","NGC 6583","","","","OC","10","3.6","Sgr"
"3","NGC1856","NGC 1856","","","","GC","10.06","2.7","Dor"
"3","NGC6216","NGC 6216","","","","OC","10.1","4.2","Sco"
"3","NGC2157","NGC 2157","","","","GC","10.16","2.8","Dor"
"3","NGC6642","NGC 6642","","","","GC","10.24","3.9","Sgr"
"3","NGC1970","NGC 1970","","","","OC","10.28","1.5","Dor"
"3","NGC1974","NGC 1974","","","","OC","10.3","1.6","Dor"
"3","NGC2037","NGC 2037","","","","OC","10.31","2.9","Dor"
"3","NGC2164","NGC 2164","","","","GC","10.34","2.8","Dor"
"3","NGC2134","NGC 2134","","","","GC","10.35","2.8","Men"
"3","NGC6717","NGC 6717","","","","GC","10.35","3.9","Sgr"
"3","NGC2041","NGC 2041","","","","GC","10.36","2.6","Dor"
"3","NGC1916","NGC 1916","","","","GC","10.38","2.1","Dor"
"3","NGC1854","NGC 1854","","","","GC","10.39","2.3","Dor"
"3","NGC1806","NGC 1806","","","","GC","10.4","2.5","Dor"
"3","NGC7492","NGC 7492","","","","GC","10.48","3","Aqr"
"3","NGC0419","NGC 419","","","","GC","10.5","2.8","Tuc"
"3","NGC1782","NGC 1782","","","","OC","10.5","1.2","Dor"
"3","NGC2309","NGC 2309","","","","OC","10.5","5.4","Mon"
"3","NGC1951","NGC 1951","","","","OC","10.58","1.7","Dor"
"3","NGC2011","NGC 2011","","","","OC","10.58","1","Dor"
"3","NGC2044","NGC 2044","","","","OC","10.59","5.5","Dor"
"3","NGC1835","NGC 1835","","","","GC","10.6","2.3","Dor"
"3","NGC2262","NGC 2262","","","","OC","10.6","3.9","Mon"
"3","NGC6404","NGC 6404","","","","OC","10.6","4.2","Sco"
"3","NGC6756","NGC 6756","","","","OC","10.6","3.6","Aql"
"3","NGC1767","NGC 1767","","","","OC","10.61","1.3","Dor"
"3","NGC6528","NGC 6528","","","","GC","10.65","3.6","Sgr"
"3","NGC1605","NGC 1605","","","","OC","10.7","3.3","Per"
"3","NGC1978","NGC 1978","","","","GC","10.7","4","Dor"
"3","NGC2136","NGC 2136","","","","GC","10.7","2.8","Dor"
"3","NGC6005","NGC 6005","","","","OC","10.7","4.2","Nor"
"3","NGC6401","NGC 6401","","","","GC","10.71","4.5","Oph"
"3","NGC5946","NGC 5946","","","","GC","10.72","3.6","Nor"
"3","NGC2098","NGC 2098","","","","OC","10.73","2.2","Dor"
"3","NGC4147","NGC 4147","","","","GC","10.74","2.4","Com"
"3","NGC1735","NGC 1735","","","","OC","10.76","1.8","Dor"
"3","NGC1774","NGC 1774","","","","OC","10.76","1.7","Dor"
"3","NGC6325","NGC 6325","","","","GC","10.79","4.02","Oph"
"3","NGC2259","NGC 2259","","","","OC","10.8","6","Mon"
"3","NGC1967","NGC 1967","","","","OC","10.81","0.95","Dor"
"3","NGC2031","NGC 2031","","","","GC","10.83","3.3","Men"
"3","NGC2002","NGC 2002","","","","GC","10.84","1.9","Dor"
"3","NGC2019","NGC 2019","","","","GC","10.86","1.5","Men"
"3","NGC2006","NGC 2006","","","","OC","10.88","1.6","Dor"
"3","NGC5694","NGC 5694","","","","GC","10.89","3.3","Hya"
"3","NGC0376","NGC 376","","","","OC","10.9","1.8","Tuc"
"3","NGC2192","NGC 2192","","","","OC","10.9","5.4","Aur"
"3","NGC1787","NGC 1787","","","","OC","10.92","24","Dor"
"3","NGC1783","NGC 1783","","","","GC","10.93","5.3","Dor"
"3","NGC2214","NGC 2214","","","","OC","10.93","3.1","Dor"
"3","NGC2025","NGC 2025","","","","OC","10.94","1.9","Men"
"3","NGC2210","NGC 2210","","","","GC","10.94","3.3","Dor"
"3","NGC1772","NGC 1772","","","","OC","10.97","1.5","Dor"
"3","NGC2027","NGC 2027","","","","OC","10.97","4.6","Dor"
"3","NGC0609","NGC 609","","","","OC","11","4.8","Cas"
"3","NGC3255","NGC 3255","","","","OC","11","4.8","Car"
"3","NGC2009","NGC 2009","","","","OC","11.02","1.4","Dor"
"3","NGC1860","NGC 1860","","","","OC","11.04","1.1","Dor"
"3","NGC1872","NGC 1872","","","","GC","11.04","1.7","Dor"
"3","NGC6355","NGC 6355","","","","GC","11.05","2.7","Oph"
"3","NGC1986","NGC 1986","","","","GC","11.07","2.8","Men"
"3","NGC1711","NGC 1711","","","","GC","11.1","3.5","Men"
"3","NGC6603","NGC 6603","","","","OC","11.1","4.2","Sgr"
"3","NGC1834","NGC 1834","","","","OC","11.12","0.95","Dor"
"3","NGC1913","NGC 1913","","","","OC","11.14","1.3","Dor"
"3","NGC1831","NGC 1831","","","","GC","11.18","3.8","Dor"
"3","NGC2635","NGC 2635","","","","OC","11.2","5.1","Pyx"
"3","NGC0121","NGC 121","","","","GC","11.24","3.8","Tuc"
"3","NGC2065","NGC 2065","","","","OC","11.24","2.3","Men"
"3","NGC1870","NGC 1870","","","","GC","11.26","1.1","Dor"
"3","NGC2203","NGC 2203","","","","GC","11.29","3.2","Men"
"3","NGC6558","NGC 6558","","","","GC","11.29","5.4","Sgr"
"3","NGC2003","NGC 2003","","","","GC","11.3","1.7","Dor"
"3","NGC1846","NGC 1846","","","","GC","11.31","3.8","Dor"
"3","NGC2096","NGC 2096","","","","OC","11.31","1.1","Dor"
"3","NGC2133","NGC 2133","","","","OC","11.34","1.6","Men"
"3","NGC2156","NGC 2156","","","","GC","11.38","2.1","Dor"
"3","NGC2159","NGC 2159","","","","GC","11.38","1.9","Dor"
"3","NGC0242","NGC 242","","","","OC","11.4","0.75","Tuc"
"3","NGC1987","NGC 1987","","","","GC","11.4","1.7","Men"
"3","NGC1841","NGC 1841","","","","GC","11.43","4","Men"
"3","NGC2102","NGC 2102","","","","OC","11.44","0.85","Dor"
"3","NGC1962","NGC 1962","","","","OC","11.47","1.4","Dor"
"3","NGC1704","NGC 1704","","","","OC","11.5","1.7","Dor"
"3","NGC1820","NGC 1820","","","","OC","11.5","7","Dor"
"3","NGC1922","NGC 1922","","","","OC","11.51","1","Dor"
"3","NGC2107","NGC 2107","","","","OC","11.51","1.7","Men"
"3","NGC1754","NGC 1754","","","","GC","11.57","1.6","Men"
"3","NGC1868","NGC 1868","","","","GC","11.57","2.7","Dor"
"3","NGC2005","NGC 2005","","","","GC","11.57","1.6","Dor"
"3","NGC2093","NGC 2093","","","","OC","11.57","1.5","Dor"
"3","NGC1466","NGC 1466","","","","GC","11.59","3.5","Hyi"
"3","NGC2671","NGC 2671","","","","OC","11.6","5.1","Vel"
"3","NGC2033","NGC 2033","","","","OC","11.63","5.9","Dor"
"3","NGC2127","NGC 2127","","","","OC","11.64","1.5","Dor"
"3","NGC2117","NGC 2117","","","","OC","11.65","2","Dor"
"3","NGC0458","NGC 458","","","","OC","11.66","2.6","Tuc"
"3","NGC2051","NGC 2051","","","","OC","11.69","1.5","Men"
"3","IC0166","IC 166","","","","OC","11.7","7.5","Cas"
"3","IC0361","IC 361","","","","OC","11.7","7.2","Cam"
"3","NGC1965","NGC 1965","","","","OC","11.7","1.2","Dor"
"3","NGC6631","NGC 6631","","","","OC","11.7","5.7","Sct"
"3","NGC0290","NGC 290","","","","OC","11.71","1.1","Tuc"
"3","NGC2010","NGC 2010","","","","OC","11.72","1.9","Men"
"3","NGC0299","NGC 299","","","","OC","11.73","0.9","Tuc"
"3","NGC1751","NGC 1751","","","","GC","11.73","1.6","Men"
"3","NGC1953","NGC 1953","","","","GC","11.74","1.2","Dor"
"3","NGC2172","NGC 2172","","","","OC","11.75","1.7","Dor"
"3","NGC0416","NGC 416","","","","GC","11.76","1.7","Tuc"
"3","NGC0361","NGC 361","","","","OC","11.77","2.6","Tuc"
"3","NGC1902","NGC 1902","","","","OC","11.77","1.7","Dor"
"3","NGC2056","NGC 2056","","","","OC","11.77","1.5","Men"
"3","NGC1926","NGC 1926","","","","GC","11.79","1.4","Dor"
"3","NGC2154","NGC 2154","","","","GC","11.79","2.4","Dor"
"3","NGC1220","NGC 1220","","","","OC","11.8","2.4","Per"
"3","NGC1839","NGC 1839","","","","OC","11.8","1.6","Dor"
"3","NGC2368","NGC 2368","","","","OC","11.8","4.5","Mon"
"3","NGC2588","NGC 2588","","","","OC","11.8","3.9","Pup"
"3","NGC5288","NGC 5288","","","","OC","11.8","3.6","Cir"
"3","NGC6318","NGC 6318","","","","OC","11.8","3.3","Sco"
"3","NGC1939","NGC 1939","","","","GC","11.83","1.4","Men"
"3","NGC1966","NGC 1966","","","","OC","11.83","1.1","Dor"
"3","NGC1944","NGC 1944","","","","GC","11.84","2.7","Men"
"3","NGC2058","NGC 2058","","","","OC","11.85","2.1","Men"
"3","NGC2319","NGC 2319","","","","OC","11.85","6","Mon"
"3","NGC1898","NGC 1898","","","","OC","11.86","1.6","Dor"
"3","NGC1903","NGC 1903","","","","GC","11.86","1.9","Dor"
"3","NGC1804","NGC 1804","","","","OC","11.87","0.95","Dor"
"3","NGC1943","NGC 1943","","","","GC","11.88","1.1","Men"
"3","NGC2173","NGC 2173","","","","GC","11.88","2.6","Men"
"3","NGC1810","NGC 1810","","","","OC","11.9","1.2","Dor"
"3","NGC1971","NGC 1971","","","","OC","11.9","1.1","Dor"
"3","NGC1940","NGC 1940","","","","GC","11.91","1.2","Dor"
"3","NGC2038","NGC 2038","","","","OC","11.92","1.6","Men"
"3","IC1611","IC 1611","","","","OC","11.96","1.5","Tuc"
"3","NGC1885","NGC 1885","","","","OC","11.97","1.4","Dor"
"3","NGC1883","NGC 1883","","","","OC","12","5.7","Aur"
"3","NGC7044","NGC 7044","","","","OC","12","6","Cyg"
"3","NGC1852","NGC 1852","","","","GC","12.01","1.9","Dor"
"3","NGC1825","NGC 1825","","","","OC","12.04","1","Dor"
"3","NGC2135","NGC 2135","","","","GC","12.05","1.5","Dor"
"3","NGC2021","NGC 2021","","","","OC","12.06","0.9","Dor"
"3","NGC0306","NGC 306","","","","OC","12.07","1.1","Tuc"
"3","NGC1698","NGC 1698","","","","GC","12.07","1.5","Dor"
"3","NGC2091","NGC 2091","","","","OC","12.07","1.3","Dor"
"3","NGC2145","NGC 2145","","","","OC","12.07","1.5","Men"
"3","NGC1844","NGC 1844","","","","OC","12.08","1.6","Dor"
"3","NGC1823","NGC 1823","","","","OC","12.09","1","Men"
"3","NGC0411","NGC 411","","","","OC","12.1","2.1","Tuc"
"3","NGC2130","NGC 2130","","","","GC","12.1","1.4","Dor"
"3","NGC2000","NGC 2000","","","","OC","12.14","1.6","Men"
"3","NGC1695","NGC 1695","","","","GC","12.16","1.4","Dor"
"3","NGC1801","NGC 1801","","","","GC","12.16","2.2","Dor"
"3","NGC1894","NGC 1894","","","","OC","12.16","1.4","Dor"
"3","NGC2160","NGC 2160","","","","OC","12.16","1.4","Dor"
"3","NGC0265","NGC 265","","","","OC","12.17","1.2","Tuc"
"3","NGC1959","NGC 1959","","","","OC","12.17","1.6","Men"
"3","NGC2057","NGC 2057","","","","OC","12.17","1.3","Men"
"3","NGC2053","NGC 2053","","","","OC","12.18","1.5","Dor"
"3","NGC2105","NGC 2105","","","","GC","12.19","1.7","Dor"
"3","NGC0339","NGC 339","","","","GC","12.21","2.9","Tuc"
"3","NGC2109","NGC 2109","","","","OC","12.21","1.6","Dor"
"3","NGC1766","NGC 1766","","","","OC","12.22","1","Men"
"3","NGC1836","NGC 1836","","","","OC","12.22","1.5","Dor"
"3","NGC2249","NGC 2249","","","","GC","12.23","2.3","Dor"
"3","NGC0294","NGC 294","","","","OC","12.24","1.7","Tuc"
"3","NGC1756","NGC 1756","","","","GC","12.24","1.4","Dor"
"3","NGC1718","NGC 1718","","","","OC","12.25","1.8","Dor"
"3","NGC0152","NGC 152","","","","OC","12.26","3","Tuc"
"3","NGC1859","NGC 1859","","","","OC","12.26","1.5","Dor"
"3","NGC1837","NGC 1837","","","","OC","12.27","1.9","Men"
"3","NGC1651","NGC 1651","","","","GC","12.28","2.7","Men"
"3","NGC2029","NGC 2029","","","","OC","12.29","1.1","Dor"
"3","NGC1732","NGC 1732","","","","OC","12.3","1.1","Dor"
"3","IC1612","IC 1612","","","","OC","12.31","1.2","Tuc"
"3","NGC2108","NGC 2108","","","","GC","12.32","1.8","Dor"
"3","NGC1882","NGC 1882","","","","OC","12.33","1.6","Dor"
"3","NGC1917","NGC 1917","","","","GC","12.33","1.7","Dor"
"3","NGC2121","NGC 2121","","","","GC","12.37","2.7","Men"
"3","NGC2213","NGC 2213","","","","OC","12.38","2.1","Men"
"3","NGC6749","NGC 6749","","","","GC","12.4","5.1","Aql"
"3","IC2146","IC 2146","","","","GC","12.41","3.3","Men"
"3","NGC1793","NGC 1793","","","","OC","12.41","1.3","Dor"
"3","NGC1815","NGC 1815","","","","OC","12.41","1.2","Men"
"3","IC1624","IC 1624","","","","OC","12.42","0.9","Tuc"
"3","NGC1795","NGC 1795","","","","OC","12.42","1.4","Dor"
"3","NGC2140","NGC 2140","","","","OC","12.44","1.5","Dor"
"3","NGC2111","NGC 2111","","","","OC","12.45","1.5","Men"
"3","NGC1969","NGC 1969","","","","OC","12.46","1.2","Dor"
"3","NGC1847","NGC 1847","","","","OC","12.47","1.8","Dor"
"3","NGC1928","NGC 1928","","","","OC","12.47","1.3","Dor"
"3","NGC2088","NGC 2088","","","","OC","12.47","1.5","Dor"
"3","NGC2114","NGC 2114","","","","OC","12.48","1.4","Dor"
"3","NGC0256","NGC 256","","","","OC","12.5","0.9","Tuc"
"3","NGC1702","NGC 1702","","","","OC","12.5","1.2","Men"
"3","NGC2849","NGC 2849","","","","OC","12.5","2.4","Vel"
"3","NGC1828","NGC 1828","","","","OC","12.52","1.2","Dor"
"3","NGC1775","NGC 1775","","","","OC","12.55","1","Men"
"3","NGC1830","NGC 1830","","","","OC","12.56","1.3","Dor"
"3","NGC2123","NGC 2123","","","","GC","12.56","1.5","Dor"
"3","NGC1764","NGC 1764","","","","OC","12.58","1.1","Dor"
"3","NGC0269","NGC 269","","","","OC","12.59","1.2","Tuc"
"3","NGC1193","NGC 1193","","","","OC","12.6","2.4","Per"
"3","NGC2155","NGC 2155","","","","GC","12.6","2.4","Dor"
"3","NGC2401","NGC 2401","","","","OC","12.6","2.7","Pup"
"3","NGC5764","NGC 5764","","","","OC","12.6","4.2","Lup"
"3","NGC1697","NGC 1697","","","","GC","12.62","2.3","Dor"
"3","NGC1946","NGC 1946","","","","OC","12.62","1","Dor"
"3","NGC1972","NGC 1972","","","","OC","12.62","0.9","Dor"
"3","NGC2257","NGC 2257","","","","GC","12.62","4","Dor"
"3","NGC0222","NGC 222","","","","OC","12.64","1.2","Tuc"
"3","NGC2046","NGC 2046","","","","OC","12.64","1.1","Men"
"3","NGC2137","NGC 2137","","","","OC","12.66","1.1","Dor"
"3","NGC2062","NGC 2062","","","","OC","12.67","1.2","Dor"
"3","NGC2120","NGC 2120","","","","GC","12.67","2.2","Dor"
"3","NGC1629","NGC 1629","","","","GC","12.68","1.7","Hyi"
"3","NGC2162","NGC 2162","","","","GC","12.7","3","Dor"
"3","NGC1887","NGC 1887","","","","OC","12.72","1.5","Dor"
"3","NGC1813","NGC 1813","","","","OC","12.76","0.95","Men"
"3","NGC1849","NGC 1849","","","","OC","12.77","1.5","Dor"
"3","NGC2036","NGC 2036","","","","OC","12.77","1.6","Men"
"3","NGC1768","NGC 1768","","","","OC","12.79","0.65","Dor"
"3","NGC1777","NGC 1777","","","","GC","12.8","2.4","Men"
"3","NGC2094","NGC 2094","","","","OC","12.8","0.85","Dor"
"3","NGC1890","NGC 1890","","","","OC","12.81","1.1","Men"
"3","NGC2177","NGC 2177","","","","OC","12.83","1.5","Dor"
"3","NGC2059","NGC 2059","","","","OC","12.85","1.1","Men"
"3","NGC1864","NGC 1864","","","","OC","12.86","1.1","Dor"
"3","NGC2166","NGC 2166","","","","OC","12.86","1.4","Dor"
"3","NGC0231","NGC 231","","","","OC","12.87","1.8","Tuc"
"3","NGC2028","NGC 2028","","","","OC","12.88","1.1","Men"
"3","NGC1644","NGC 1644","","","","GC","12.89","1.8","Dor"
"3","NGC1693","NGC 1693","","","","GC","12.89","1.1","Dor"
"3","NGC1865","NGC 1865","","","","OC","12.91","1.4","Dor"
"3","NGC2116","NGC 2116","","","","OC","12.92","1.2","Dor"
"3","NGC1838","NGC 1838","","","","OC","12.93","1.3","Dor"
"3","NGC1878","NGC 1878","","","","OC","12.94","1.1","Men"
"3","NGC2147","NGC 2147","","","","OC","12.94","0.95","Dor"
"3","NGC2190","NGC 2190","","","","GC","12.94","2.2","Men"
"3","NGC1921","NGC 1921","","","","OC","12.95","1","Dor"
"3","NGC2161","NGC 2161","","","","GC","12.95","2.3","Men"
"3","NGC1958","NGC 1958","","","","GC","12.99","1.5","Dor"
"3","NGC7419","NGC 7419","","","","OC","13","4.08","Cep"
